kind,lat,lon
parking,34.070658,-118.9064615
fuel,34.1032728,-118.237237
fuel,34.0909625,-118.090371
fuel,33.8798779,-118.1429756
fuel,33.831782,-118.0875412
fuel,33.887245,-118.105441
fuel,33.8890904,-118.1249503
fuel,34.1030456,-118.073949
fuel,34.1034245,-118.073091
fuel,34.1225451,-118.07328
fuel,34.1499462,-118.0729796
fuel,34.1778393,-118.318237
fuel,34.0914214,-118.0912003
fuel,34.1032054,-118.0775016
fuel,34.1300433,-118.072831
fuel,34.1031384,-118.0994885
fuel,34.1499369,-118.073744
fuel,34.2454933,-118.4219588
fuel,33.8325235,-118.099333
fuel,34.0982373,-118.3177458
fuel,34.0430344,-118.261042
fuel,34.1611268,-118.329908
fuel,34.0791597,-118.1348
fuel,34.1509608,-118.0188739
fuel,34.2212475,-118.367589
fuel,34.0159862,-118.158332
fuel,33.9894323,-118.063985
fuel,33.9917307,-118.067193
fuel,33.9421503,-117.9885981
fuel,34.0358721,-118.038097
fuel,34.0366255,-118.038132
fuel,34.0782779,-118.123268
fuel,34.0794905,-118.0999171
fuel,34.0805516,-118.073481
fuel,34.0770355,-118.0468226
fuel,34.1160006,-118.1527554
fuel,34.1160405,-118.1608601
fuel,34.0348258,-117.97527
fuel,33.824025,-118.218093
fuel,34.1119637,-118.1498273
fuel,34.0190321,-118.17046
fuel,34.0444264,-118.1739212
fuel,34.0599944,-118.1727227
fuel,34.169269,-118.131872
fuel,34.1574938,-118.132893
fuel,34.1497935,-118.121198
fuel,34.0354024,-118.284313
fuel,34.1145924,-118.1809464
fuel,34.095561,-118.152366
fuel,34.0316582,-118.153439
fuel,34.031921,-118.154147
fuel,34.0428281,-118.2162
fuel,34.0403747,-118.2121714
fuel,34.0692525,-118.291986
fuel,34.0667917,-118.2698071
fuel,34.0704341,-118.267519
fuel,34.0819143,-118.260491
fuel,34.0259251,-118.229574
fuel,34.0729235,-118.220036
fuel,34.0733788,-118.217175
fuel,34.0739405,-118.2120253
fuel,34.0735207,-118.208118
fuel,34.0735162,-118.207495
fuel,34.0859145,-118.187944
fuel,34.100907,-118.130579
fuel,33.916032,-118.396476
fuel,34.0388953,-118.555815
fuel,34.0389131,-118.5547532
fuel,34.0254326,-118.4708001
fuel,34.0250746,-118.470301
fuel,34.0253108,-118.469616
fuel,33.9428147,-118.137356
fuel,33.9754902,-118.1237198
fuel,33.9108748,-118.160542
fuel,33.8894853,-118.1682938
fuel,33.8889994,-118.206798
fuel,33.8884715,-118.1933596
fuel,33.888908,-118.2196673
fuel,33.8886133,-118.250499
fuel,33.8732371,-118.2913884
fuel,33.8318934,-118.29063
fuel,33.8312533,-118.289905
fuel,33.8099169,-118.290712
fuel,34.1136567,-117.829315
fuel,34.1282691,-117.8294023
fuel,34.1228647,-117.794625
fuel,33.7751055,-118.121994
fuel,33.8745344,-118.203172
fuel,33.8809862,-118.18615
fuel,33.7755663,-118.198294
fuel,33.790155,-118.193358
fuel,33.7895803,-118.188937
fuel,33.7901403,-118.197843
fuel,34.0110129,-118.081246
fuel,34.0369958,-118.1308157
fuel,34.0219969,-118.133807
fuel,34.0225562,-118.1336
fuel,34.0858508,-118.122834
fuel,34.0404232,-118.082098
fuel,34.0520505,-118.063948
fuel,34.0515189,-118.064693
fuel,34.0986689,-118.073101
fuel,34.0629899,-118.065148
fuel,33.8781757,-118.1255289
fuel,33.8781913,-118.1249898
fuel,34.0783324,-118.279553
fuel,34.0732679,-117.75182
fuel,34.072927,-117.7526633
fuel,34.0988332,-118.0507293
fuel,34.0904634,-118.0485115
fuel,34.0745997,-118.0534304
fuel,34.068038,-118.042001
fuel,34.0408761,-118.049496
fuel,34.0166542,-118.078574
fuel,34.0018481,-118.084216
fuel,33.992465,-118.0899194
fuel,33.9983562,-118.126317
fuel,33.9970351,-118.1231668
fuel,33.9967604,-118.124236
fuel,34.1007151,-118.291467
fuel,34.0647105,-118.34429
fuel,34.0764172,-118.3443337
fuel,34.0759395,-118.3437355
fuel,34.0625222,-118.0466485
fuel,34.0625345,-118.0421249
fuel,34.0623243,-118.118689
fuel,33.9565385,-118.442902
fuel,34.0983692,-118.313201
fuel,33.9972573,-118.145967
fuel,34.0830793,-118.3270118
fuel,34.1219693,-117.9079822
fuel,34.1212716,-117.907152
fuel,34.0590822,-118.1729464
fuel,34.1716259,-118.334926
fuel,34.1061543,-118.3303791
fuel,33.9598047,-118.2822773
fuel,33.9598273,-118.269866
fuel,33.9603813,-118.269917
fuel,34.1788024,-118.5970767
fuel,34.1934128,-118.6056773
fuel,33.9886895,-118.331267
fuel,33.9887029,-118.3303524
fuel,33.7844489,-118.2085652
fuel,34.06632,-118.2119621
fuel,34.1934707,-118.623
fuel,34.1060775,-117.8187532
fuel,34.0904966,-117.7372279
fuel,34.0905226,-117.7363861
fuel,33.7909389,-118.2832329
fuel,34.2352278,-118.52708
fuel,34.0124266,-118.417307
fuel,34.674576,-118.4399577
fuel,34.1781615,-118.131599
fuel,34.1688045,-118.1213632
fuel,34.0034482,-118.2830422
fuel,34.0040069,-118.2831331
fuel,34.0106834,-118.282242
fuel,34.1459191,-118.0866497
fuel,34.0467457,-118.2659087
fuel,34.1033153,-117.8067672
fuel,34.1027325,-117.8067613
fuel,34.0141243,-118.4856191
fuel,33.9701877,-118.3794383
fuel,34.015672,-118.4761747
parking,34.1928063,-118.3198399
fuel,34.4229172,-118.5403562
fuel,34.2353077,-118.4745225
fuel,34.1502089,-118.3787588
fuel,34.2575124,-118.5365892
fuel,34.0675285,-118.4478398
fuel,34.121966,-117.9073278
fuel,34.1232227,-117.907834
fuel,34.2009276,-118.4841032
fuel,34.7037073,-118.1654448
fuel,34.0567718,-118.2018982
fuel,34.1376012,-118.132054
fuel,34.6898537,-118.174278
fuel,34.697074,-118.172885
fuel,34.0996849,-117.8722317
fuel,34.0990945,-117.8730387
fuel,34.0742524,-117.8729103
fuel,34.704189,-118.0789682
fuel,33.8968243,-118.169267
fuel,34.1862628,-118.3164948
fuel,33.9239031,-118.396655
fuel,34.0200983,-117.86554
fuel,34.0237068,-118.485803
fuel,34.184819,-118.338029
fuel,34.1680476,-118.347314
fuel,34.1972983,-118.3374084
fuel,34.1968174,-118.3253636
fuel,34.0627817,-118.108418
fuel,34.5060691,-117.8970678
fuel,33.9456486,-118.3703947
fuel,34.0327454,-118.390453
fuel,33.9596689,-118.3756708
fuel,34.0013569,-118.468384
fuel,34.063806,-118.295098
fuel,33.9174813,-118.029876
fuel,34.048261,-118.527189
fuel,34.0904278,-118.164179
fuel,33.9835411,-118.394292
fuel,34.0584589,-118.237281
parking,34.0680432,-118.2702458
fuel,34.0763657,-118.3586635
fuel,33.9451423,-118.3781926
fuel,33.9631324,-118.3708579
fuel,34.0592789,-118.375867
fuel,34.0252954,-118.334756
fuel,34.0258355,-118.335484
fuel,34.0180089,-118.308685
fuel,34.0684546,-118.2612512
fuel,34.3038635,-118.478341
fuel,33.988868,-118.358178
fuel,34.1392416,-117.9860361
fuel,33.9034461,-118.1692843
fuel,34.7968297,-118.853085
fuel,34.2119439,-118.2404758
fuel,33.9940575,-118.4519728
fuel,34.1807544,-118.6062637
fuel,34.0336409,-118.2620798
fuel,33.7895849,-118.215063
fuel,34.0927515,-118.0297223
fuel,34.034129,-118.2435244
fuel,33.7601805,-118.1463683
fuel,33.8192266,-118.189773
fuel,34.0093164,-118.4872168
fuel,34.0941907,-118.3389105
fuel,34.1050742,-118.322814
fuel,34.0701658,-118.2685405
fuel,34.0032897,-117.8461306
fuel,33.9959066,-117.888171
fuel,33.9913374,-117.932201
fuel,34.0052759,-117.965344
fuel,33.9947978,-118.070734
fuel,33.9667449,-118.0827102
fuel,34.2746673,-118.4487158
fuel,34.423014,-118.5413432
fuel,34.400043,-118.4736488
fuel,34.405477,-118.4641112
fuel,33.9967901,-118.4279855
fuel,34.0091619,-118.413884
fuel,34.6183331,-118.2889471
fuel,33.8745983,-118.133535
fuel,34.1796203,-118.536316
fuel,33.8580139,-118.298862
fuel,33.8586844,-118.3088284
fuel,34.0272046,-118.238772
fuel,34.1247061,-118.265683
fuel,34.1248341,-118.266492
fuel,34.1251194,-118.26605
fuel,34.1658626,-118.5276021
fuel,34.1656406,-118.5268906
fuel,33.831966,-118.256979
fuel,34.0903816,-117.9603095
fuel,34.0722197,-117.9603522
fuel,34.0924736,-117.9608374
fuel,34.0776497,-117.997109
fuel,34.0750672,-118.0125861
fuel,34.0750476,-118.0133555
fuel,34.0894405,-117.925216
fuel,34.0899257,-117.933965
fuel,34.0891634,-117.907607
fuel,34.0866489,-117.9080856
fuel,34.0789332,-117.9524723
fuel,34.0792831,-117.9528605
fuel,34.128598,-117.8505881
fuel,34.0131321,-117.9233435
fuel,34.031477,-117.91421
fuel,34.1219896,-117.8722748
fuel,34.1141794,-117.9074466
fuel,34.1214922,-117.9073931
fuel,34.0199541,-117.957939
fuel,34.0198082,-117.958611
fuel,33.997195,-117.96744
fuel,33.9962716,-117.968324
fuel,34.0089489,-117.9562608
fuel,33.9871366,-117.888983
fuel,34.0109802,-117.962534
fuel,34.0099756,-117.886724
fuel,34.070142,-117.90794
fuel,34.0202614,-117.958447
fuel,33.9877862,-117.8896848
fuel,34.0158123,-117.8500781
fuel,34.024508,-117.91748
fuel,34.075668,-117.90743
fuel,34.0107845,-117.963241
fuel,34.0271538,-117.8951503
fuel,34.0701479,-117.907495
fuel,34.0787812,-117.8815683
fuel,34.006676,-117.909161
fuel,34.0072059,-117.912402
fuel,34.0920034,-117.9738085
fuel,34.0373502,-117.949655
fuel,34.0374239,-117.950305
fuel,33.9841667,-118.4006847
fuel,34.0701366,-117.9273018
fuel,34.0012926,-118.467253
fuel,33.9598395,-118.436155
fuel,34.106941,-117.9738298
fuel,34.1074022,-117.9347127
fuel,34.1067461,-117.940531
fuel,34.0745018,-117.9259956
fuel,34.074462,-117.9461814
fuel,34.0615664,-117.9322351
fuel,34.1688658,-118.129828
fuel,34.0685027,-117.938109
fuel,34.0579416,-118.4239987
fuel,34.0836403,-118.3389297
fuel,34.0113631,-118.419254
fuel,34.0181856,-117.988949
fuel,33.9999538,-117.8449016
fuel,34.0701616,-117.8898387
fuel,34.0749942,-117.8897604
fuel,34.0736911,-117.8727266
fuel,34.0528808,-118.314306
fuel,34.4223406,-118.5406225
fuel,34.0491807,-118.2747568
fuel,34.0072555,-118.476364
fuel,33.7820381,-118.197973
fuel,33.7820739,-118.1983197
fuel,33.8077886,-118.16725
fuel,34.0346115,-118.684774
fuel,34.0905059,-118.372837
fuel,34.0982862,-118.36115
fuel,34.0759256,-118.361615
fuel,34.1519893,-118.369835
fuel,34.090434,-118.3858571
fuel,34.1751953,-118.349627
fuel,34.1525301,-118.1321137
fuel,34.0203128,-118.444708
fuel,34.0105426,-118.4384586
fuel,33.8636871,-118.3929691
fuel,33.8803093,-118.3521751
fuel,33.8768284,-118.352143
parking,34.0671542,-118.2388236
fuel,33.9681775,-117.847468
fuel,34.1936399,-118.370552
fuel,34.157787,-118.413451
fuel,33.7941717,-118.125646
fuel,33.7827701,-118.1429413
fuel,33.7666243,-118.182624
fuel,34.041037,-118.35331
fuel,33.9522846,-118.3767584
fuel,33.9528641,-118.377324
fuel,33.9021137,-118.059755
fuel,34.2092846,-118.2113209
fuel,34.0905918,-118.355073
fuel,34.090634,-118.3635181
fuel,34.0905662,-118.365205
fuel,34.0755597,-118.2539887
fuel,34.0465631,-118.448977
fuel,34.0446407,-118.453507
fuel,34.0411708,-118.461426
fuel,34.0194744,-118.491796
fuel,34.2014637,-118.430888
fuel,34.2015171,-118.448374
fuel,34.040125,-118.2838621
fuel,34.059549,-118.291339
fuel,34.080336,-117.7189346
fuel,33.8192368,-118.3851008
fuel,34.2572545,-118.433653
fuel,34.0779381,-118.2628967
fuel,33.8580707,-118.3700847
fuel,34.0328905,-118.334543
fuel,34.0323804,-118.334673
fuel,33.9882046,-118.452629
fuel,34.0461635,-118.271079
fuel,33.9161444,-118.343533
fuel,33.9166408,-118.360916
fuel,33.9161556,-118.361645
fuel,33.9632192,-118.421814
fuel,34.0946589,-118.3443645
fuel,34.5800634,-118.094588
fuel,34.5804179,-118.085601
fuel,34.4960758,-118.625008
fuel,34.1170708,-118.1499472
fuel,33.9926627,-117.968959
fuel,34.0721187,-118.3639131
fuel,34.1095536,-118.0139423
fuel,34.7940332,-118.851984
fuel,34.6464592,-118.1288894
fuel,34.6455818,-118.128904
fuel,34.5061971,-117.8978117
fuel,34.5207263,-117.9806362
fuel,34.5208776,-117.9858559
fuel,34.4370641,-118.5644794
fuel,34.4228807,-118.5403744
fuel,34.4445768,-118.5528142
fuel,34.3787945,-118.5636922
fuel,34.4160804,-118.4725936
fuel,34.0139015,-118.4021412
fuel,34.0261804,-118.4309854
fuel,34.0756064,-118.1603055
fuel,34.0077206,-118.4129883
fuel,34.0048712,-118.3935812
fuel,34.0325409,-118.3736235
fuel,34.0380033,-118.377593
fuel,34.0386078,-118.3777192
fuel,34.0482661,-118.4914257
fuel,34.0542313,-118.4020941
fuel,34.0525684,-118.4696058
fuel,34.0025137,-118.4123669
fuel,34.1541232,-118.112912
fuel,34.0554975,-118.3896325
fuel,34.0550218,-118.395012
fuel,34.0338606,-118.370445
fuel,34.0333782,-118.4489365
fuel,34.0437936,-118.358181
fuel,33.8621358,-118.392654
fuel,34.0608192,-117.9639494
fuel,34.5865693,-118.1480557
fuel,34.2285698,-118.5539778
fuel,33.9015958,-118.3717785
parking,33.8168844,-118.1451597
fuel,34.0615832,-117.792132
fuel,34.0619419,-117.7828663
fuel,33.986878,-118.1047754
fuel,34.2007141,-118.597972
fuel,34.2007504,-118.5749986
fuel,34.0357551,-118.291382
fuel,34.0323721,-118.3004862
fuel,33.9198326,-118.188503
fuel,33.9211159,-118.188235
parking,33.8835512,-118.3957177
fuel,33.9457222,-118.216772
fuel,33.9022876,-118.028844
fuel,33.8872094,-118.3979588
fuel,34.1725125,-118.3796502
fuel,33.9750682,-118.2646721
fuel,33.7879804,-118.3408589
fuel,34.2013767,-118.553317
fuel,34.2468502,-118.4191758
fuel,34.0065178,-117.8212233
fuel,33.9839439,-117.8407962
fuel,33.9168616,-118.0296421
fuel,34.01062,-118.2943521
fuel,33.9626155,-118.4213504
fuel,33.8320273,-118.1575109
fuel,34.0534772,-118.3205359
fuel,34.0469428,-118.3094356
fuel,34.0190652,-118.1920099
fuel,33.8804498,-118.3531053
fuel,34.2575404,-118.5358154
fuel,34.0863622,-118.3161212
fuel,33.8246341,-118.2416673
fuel,34.0539645,-118.4657272
fuel,33.9826101,-118.2797651
fuel,34.0322478,-118.3354962
fuel,34.0328586,-118.3352224
fuel,34.1640486,-118.3117097
fuel,34.1668645,-118.307488
fuel,33.9930366,-118.300484
fuel,34.1015202,-118.3139357
fuel,34.1014656,-118.3176273
fuel,33.9456595,-118.2999854
fuel,33.9307122,-118.2912463
fuel,33.9893822,-118.3086536
fuel,33.9707212,-118.308695
fuel,33.9602461,-118.3093722
fuel,33.9594962,-118.3093552
fuel,33.9523938,-118.3087455
fuel,33.9312856,-118.3086038
fuel,33.9311773,-118.3269321
fuel,33.9883963,-118.3581803
fuel,34.0252739,-118.3552813
fuel,34.2203168,-118.5882557
fuel,34.1934033,-118.5888577
fuel,34.1940288,-118.5888073
fuel,33.9452427,-118.3556411
fuel,33.9597768,-118.315221
fuel,33.9452083,-118.3173538
fuel,33.9596505,-118.3268902
fuel,33.9457995,-118.3261175
fuel,33.8949321,-118.3269577
fuel,33.8907662,-118.3268066
fuel,34.1869011,-118.4920577
fuel,33.9313274,-118.335386
fuel,33.9307097,-118.3392372
fuel,33.9306853,-118.3434294
fuel,33.9306963,-118.3566476
fuel,33.927558,-118.3530031
fuel,33.9890541,-118.2518098
fuel,33.9186563,-118.41567
fuel,33.9749881,-118.256047
fuel,33.9744563,-118.2305559
fuel,34.0611252,-118.2143226
fuel,34.1063914,-118.256565
fuel,34.1337532,-118.2545299
fuel,34.129233,-118.3479989
fuel,34.1355153,-118.3613593
fuel,33.789838,-118.3229429
fuel,34.0217113,-118.3355139
fuel,34.0191844,-118.4696605
fuel,34.0650647,-118.4696353
parking,34.0880625,-118.343946
fuel,33.7749702,-118.1194714
fuel,33.7430811,-118.2920689
fuel,33.9365952,-118.2131398
fuel,34.0596323,-118.3839457
parking,33.8041279,-118.3903973
fuel,33.8731343,-118.3269346
fuel,34.1645954,-118.4490275
fuel,34.2611269,-118.4284513
fuel,34.2713041,-118.4154102
fuel,34.2738022,-118.4121998
fuel,34.2716014,-118.4283932
fuel,34.274181,-118.4309593
fuel,34.2911219,-118.4490024
fuel,34.0195832,-118.4973873
fuel,33.8588002,-118.3273617
fuel,33.8585926,-118.3273464
fuel,34.1393923,-117.9779353
fuel,34.1392806,-117.9867739
fuel,33.8725827,-118.3608265
fuel,34.0478964,-118.5273133
fuel,34.0123349,-118.4834502
fuel,33.9889467,-118.282301
fuel,33.9825732,-118.2823744
fuel,33.9820626,-118.2829319
fuel,33.9743525,-118.2817027
fuel,33.945781,-118.2829622
fuel,33.9452532,-118.2822622
fuel,33.9349849,-118.282845
fuel,33.9312471,-118.2822681
fuel,33.9889132,-118.2779323
fuel,33.9749627,-118.2787066
fuel,33.9458189,-118.278722
fuel,33.945788,-118.2735754
fuel,33.9744819,-118.269835
fuel,33.9308499,-118.2655067
fuel,33.9312091,-118.2735755
fuel,33.9312736,-118.2741443
fuel,34.0760828,-118.3117442
fuel,34.0027049,-118.2649417
fuel,33.9490751,-118.2649452
fuel,33.9337278,-118.2654406
fuel,33.9632097,-118.2049907
fuel,33.9291811,-118.2546357
fuel,33.9292737,-118.2507906
fuel,33.959927,-118.2476957
fuel,33.9599362,-118.2468448
fuel,33.9239708,-118.2465675
fuel,33.982261,-118.24082
fuel,34.0196344,-118.4446422
fuel,34.1573136,-118.2775874
fuel,34.1610808,-118.2997311
fuel,34.0898788,-117.9413357
fuel,33.974783,-118.3313365
fuel,33.9747937,-118.3305013
fuel,33.9748474,-118.2841615
fuel,34.0138832,-118.484346
fuel,33.9677415,-118.2334963
fuel,33.9672631,-118.2334963
fuel,33.9813957,-118.2299531
fuel,33.8186747,-118.1680186
fuel,34.1573699,-118.4309378
fuel,33.9598359,-118.2872942
fuel,33.9603132,-118.2867578
fuel,33.9602728,-118.2775061
fuel,33.8360721,-118.3289843
fuel,33.945808,-118.2866917
fuel,33.9452084,-118.2912728
fuel,33.9933384,-117.9048224
fuel,33.9456576,-118.300609
fuel,33.9597013,-118.376712
fuel,33.9619366,-118.367813
fuel,33.9452517,-118.3479958
fuel,34.1555195,-118.3962496
fuel,33.9162301,-118.2656118
fuel,33.861967,-118.2665523
fuel,33.9167397,-118.2541818
fuel,33.8881356,-118.2496607
fuel,33.8723892,-118.2490981
fuel,34.0682013,-118.0993158
fuel,34.057719,-118.2105516
fuel,34.0533635,-118.2033583
fuel,34.0527388,-118.2036811
fuel,34.0284286,-118.2195251
fuel,34.0237957,-118.2195202
fuel,34.0057516,-118.2200348
fuel,33.9894057,-118.2256485
fuel,33.9550698,-118.2124457
fuel,33.9544921,-118.2119025
fuel,33.9366111,-118.2080998
fuel,33.9711594,-118.3783598
fuel,34.043834,-118.2005112
fuel,34.0406715,-118.1879382
fuel,34.042801,-118.2193063
fuel,34.027905,-118.2006453
fuel,34.0250166,-118.220737
fuel,33.9471152,-118.1170576
fuel,34.0231676,-118.218143
fuel,34.0199621,-118.2107614
fuel,34.016651,-118.2086744
fuel,33.8372865,-118.3619356
fuel,34.1796995,-118.4316597
fuel,34.0814049,-118.2544461
fuel,33.9167332,-118.2736628
fuel,33.9690897,-118.1743044
fuel,33.9695391,-118.1781453
fuel,33.9695391,-118.1774452
fuel,33.7519687,-118.3086777
fuel,33.7760272,-118.317423
fuel,33.7891345,-118.3071971
fuel,33.7902614,-118.2746901
fuel,33.7824143,-118.1809274
fuel,33.976275,-118.3610393
fuel,34.0111871,-118.1311826
fuel,34.039524,-118.3316566
fuel,33.9686007,-118.1064586
fuel,34.2351326,-118.5888682
fuel,33.8734575,-118.0642571
fuel,33.9718964,-118.394583
fuel,33.9714323,-118.3953815
fuel,34.5431877,-118.0359815
fuel,34.5441454,-118.0359077
fuel,34.8167541,-118.887426
fuel,34.4945096,-118.6193553
fuel,33.9813668,-118.4096654
fuel,33.9268006,-118.3966685
fuel,33.926684,-118.3959983
fuel,33.977591,-118.3709938
fuel,33.8856935,-118.3611207
fuel,34.6159115,-118.4031723
fuel,34.1564488,-118.3341701
fuel,33.8719909,-118.343443
fuel,33.8378918,-118.353257
fuel,33.9020147,-118.0768731
fuel,33.9311642,-118.3609593
fuel,33.8466297,-118.1680441
fuel,34.0002305,-118.1604023
fuel,33.8774082,-118.344249
fuel,33.8769621,-118.3441143
fuel,33.8963312,-118.207643
fuel,34.1937131,-118.5102511
fuel,33.7907129,-118.2753444
fuel,33.8985073,-118.3724931
fuel,33.8196702,-118.3161973
parking,33.7781286,-118.3325773
fuel,34.0954238,-117.872331
fuel,34.2204051,-118.5363779
fuel,33.8943239,-118.3615533
fuel,33.8725782,-118.3087209
fuel,33.8724845,-118.3094571
fuel,33.8253453,-118.3455015
fuel,34.1219058,-118.1072649
fuel,33.8899371,-118.3615854
fuel,33.8893697,-118.3610586
fuel,33.8963196,-118.224685
fuel,34.0529328,-118.3094099
fuel,34.5580667,-117.9692899
fuel,33.7952492,-118.1083003
fuel,34.1941336,-118.5015421
fuel,33.9582881,-118.0237918
fuel,33.9886459,-117.9052798
fuel,34.4446526,-118.4726758
fuel,33.722929,-118.3123432
fuel,33.8588032,-118.0719507
fuel,34.1657113,-118.6052541
parking,34.0240323,-118.1819738
fuel,33.8658723,-118.3088747
fuel,33.9021438,-118.367336
fuel,34.043984,-118.200536
fuel,34.1719104,-118.4403856
fuel,33.9306876,-118.3522628
fuel,34.2594717,-118.3111224
fuel,33.9599663,-118.2500235
fuel,34.1057763,-117.9581623
fuel,33.8316902,-118.3067067
fuel,34.7748402,-118.5363536
fuel,34.026778,-117.7311163
fuel,34.0984969,-118.1349075
fuel,34.1056484,-118.2567141
fuel,33.9669629,-118.1582455
fuel,34.1069706,-117.8075766
fuel,34.1481278,-118.1320869
fuel,34.1502635,-118.0989832
fuel,34.1062978,-118.065657
fuel,34.1079773,-118.0519521
fuel,34.0872867,-118.1343123
fuel,34.1457887,-118.031153
fuel,34.1293513,-118.0309462
fuel,34.1297871,-118.0309428
fuel,34.145743,-118.0942154
fuel,34.0380056,-118.1464261
fuel,34.0882013,-118.1488505
fuel,34.1405848,-118.0146095
fuel,34.0754766,-118.0909646
fuel,34.0629056,-118.0817577
fuel,34.1456917,-118.1217754
fuel,34.1354743,-118.1470689
fuel,34.0325301,-118.1245025
fuel,34.0338962,-118.1304995
fuel,34.1906201,-118.1309222
fuel,34.1408365,-118.1471516
fuel,34.0717464,-118.0544045
fuel,34.0431973,-118.0326004
fuel,34.0412483,-117.9976591
fuel,34.6896808,-118.1650896
fuel,34.0268771,-118.0353975
fuel,33.9887717,-118.3380928
fuel,33.974951,-118.1230393
fuel,34.150019,-118.3706333
fuel,34.0929063,-118.0350789
fuel,34.0696681,-118.0903338
fuel,33.8255675,-118.3547754
parking,33.8098706,-118.1336733
fuel,33.7763449,-118.417759
fuel,34.3995442,-118.4733435
fuel,34.2269738,-118.432937
fuel,34.0774348,-118.2920102
fuel,33.9202388,-118.2214724
fuel,33.9332227,-118.3697985
parking,33.9647648,-118.3561868
fuel,34.0983543,-118.299137
fuel,34.0983538,-118.2986691
fuel,34.0951807,-118.3089779
fuel,34.3074912,-118.4297633
fuel,34.299942,-118.4393594
fuel,34.2357414,-118.5444505
fuel,34.1008828,-118.130636
fuel,33.9557457,-118.1843318
fuel,34.147199480396665,-118.76051056769903
fuel,33.97434791555631,-118.30057690571616
fuel,34.08317876996755,-118.29210615475048
parking,34.19250572816696,-118.60302360887923
parking,34.24314884274405,-118.46700578783236
fuel,34.2358565990178,-118.46713721990399
parking,33.9787378498078,-118.43866059370355
fuel,34.14837141924214,-118.78178458032758
parking,34.237200846596394,-118.46830979163592
fuel,33.85862604562879,-118.34336909562026
parking,34.23580504604615,-118.46851287333497
parking,34.27196339532241,-118.45691018984527
parking,34.24524047352682,-118.523557338733
fuel,34.79612854034881,-118.85327184645938
parking,34.18690602957322,-118.57191192286288
fuel,34.22855254507603,-118.46801055618822
parking,34.02309960715993,-117.81006787288415
parking,34.02214923166991,-117.81158577188842
parking,34.022042029356165,-117.81207847225645
parking,33.99934506245303,-117.84843965401866
parking,33.98543996783475,-117.84429703633084
parking,33.987010286921574,-117.8714136837873
parking,33.98340716441683,-117.84120975249017
parking,33.85783353231549,-118.36342439583802
parking,33.748778286385345,-118.40640621925253
parking,33.74871495134276,-118.4062521572184
parking,33.90128345657744,-118.38986602694256
parking,34.23652388699877,-118.46693278597532
parking,34.274391801389655,-118.61726287748178
parking,34.67819617009055,-118.15834869634628
parking,33.777349271014195,-118.41166009427663
parking,34.02798023695988,-118.39330622271994
fuel,34.095288321928855,-118.29144847663751
parking,34.18804029385716,-118.32645149314085
parking,34.19110577772998,-118.33014891947688
fuel,34.08840823874467,-118.28666930189591
fuel,34.090626149110406,-118.29132336936695
fuel,34.03169865351291,-118.8437679750698
parking,34.01931322370731,-118.40687298813957
fuel,33.95348711866602,-118.19613575797084
fuel,34.064581226739676,-118.23840224172598
fuel,34.106438270353465,-118.20003344881812
parking,34.134155975710996,-118.28430948601527
parking,34.13399753156128,-118.28499917490194
parking,34.13172154699196,-118.28364199209919
parking,33.79285057884675,-118.33027121482061
parking,33.95283932722363,-118.1860984592965
parking,34.187843037445184,-118.62699731065058
parking,34.18856754649148,-118.60489955270027
parking,34.090408057554605,-118.36767919940206
fuel,33.80760397324635,-118.35828791216677
parking,33.87377204831038,-118.05441822212997
fuel,34.15030746572045,-118.08285086762318
parking,34.06501058457037,-118.21841038143432
parking,34.06485848287646,-118.21928433687533
parking,34.06580469154687,-118.21750868783364
parking,34.06497269370671,-118.2171735088523
fuel,34.200725001864306,-118.5620758021899
fuel,34.20086442212637,-118.56185612216107
fuel,34.04032293184723,-118.57873771921204
fuel,33.86564025134259,-118.2758566539184
fuel,34.25746712780265,-118.45392377879301
parking,34.28245156013037,-118.44028587864923
fuel,34.20079869496705,-118.51896691858838
parking,33.93684833732335,-118.11813122801516
parking,33.93375314388283,-118.117450430275
fuel,34.152608588489024,-118.36681358753128
parking,34.698105951932234,-118.14521619917988
fuel,34.25706350149658,-118.46697140096049
fuel,34.15839704790301,-118.44834179776498
fuel,33.930136076455796,-118.21181578520917
parking,33.9279120360578,-118.13010213535075
parking,33.94868813088198,-118.12603946160101
parking,33.9522233682041,-118.12890668200505
parking,33.86767978301123,-118.05985519055574
fuel,34.14657132658401,-118.80593245641275
parking,33.87600065783599,-118.35206707797221
parking,34.13237877090408,-118.05497503585103
parking,34.31839996767903,-118.46417573248335
parking,33.82664921831801,-118.36046125477625
parking,33.83214060444243,-118.31020833506066
parking,33.830978185535024,-118.30790193346053
parking,33.90265185684857,-118.39375325757598
parking,33.85774272384633,-118.06437061889339
parking,34.094819329669946,-118.12503719191008
parking,34.414797361911546,-118.52532679006369
parking,34.16769119232537,-118.59315436680728
fuel,33.85802023043825,-118.37017490560251
parking,34.18150238280894,-118.48121150885618
parking,34.24006482163622,-118.5543328136163
parking,33.80537944194046,-118.3494386364157
parking,34.1586091107644,-118.49371646293781
parking,34.14934860176453,-118.28350441638258
parking,34.14799025966868,-118.28192821437761
parking,34.12352351262481,-118.40913506028741
parking,34.09814433785223,-118.1037565799036
parking,34.08126081659853,-118.22059194034148
parking,34.08704689179442,-118.2129404996964
parking,33.849218634186094,-118.14177296212819
parking,33.847590232289456,-118.1400183567341
parking,33.847873086519364,-118.13726642438799
parking,33.84784851848597,-118.13526551092313
parking,33.849895268754494,-118.13488384878852
parking,33.85099616031074,-118.13472422901147
parking,33.85178205481613,-118.1417878804843
parking,33.85338661788353,-118.14010585830796
parking,33.85332024827205,-118.13903905788413
parking,33.852356895302265,-118.1370352554391
parking,34.07993183499749,-118.10411963334519
parking,34.1339547069547,-118.05043118601165
parking,34.268896604496554,-118.14637176353625
parking,34.09510133987607,-118.64879654952547
parking,34.102748793723556,-118.11268920029259
parking,34.07896087607108,-118.09178189849507
fuel,34.0717223,-118.40084220000001
fuel,34.259443463110124,-118.31611047625472
fuel,34.26002394978807,-118.31822173455672
fuel,34.259479812629394,-118.31969967121506
fuel,34.25626642127861,-118.29930577268482
parking,34.18184054064583,-118.27726676080913
parking,34.17842436351035,-118.31276702966679
parking,34.179276338874885,-118.3126188596962
parking,34.184769221959094,-118.31230557812813
parking,34.18618485707071,-118.31540868064448
parking,34.186005553878694,-118.31510354424005
parking,34.18679265582946,-118.31488779659615
parking,34.18778988056862,-118.31729900709402
parking,34.1892888042194,-118.31786569127239
parking,34.18860105389077,-118.31856708452165
parking,34.26016113339094,-118.32638196597122
parking,33.84929033153182,-118.13788645971613
parking,34.08453625473245,-118.10509818667009
parking,34.08422681026374,-118.10128061883447
parking,34.255155127973694,-118.59917235596446
parking,34.25105370442233,-118.59928285779428
fuel,34.14926021602143,-118.15006805650627
parking,34.10311081802084,-118.09189235268634
parking,34.10264075540172,-118.11059014763318
parking,34.09390006877663,-118.12696836275222
parking,33.871571858480095,-118.35345151918027
parking,33.834460175762224,-118.35373628255876
parking,34.17167731970056,-118.32100218582642
parking,34.156240007737416,-118.33529592867012
parking,34.16340601211002,-118.32992726868774
parking,34.08281666466208,-118.22523879490973
parking,34.15522990687932,-118.3461288049671
fuel,33.98805941061999,-118.10522283745362
parking,34.15521178031158,-118.24427578198363
parking,34.14238572073017,-118.23339742949064
parking,34.03912286240159,-118.44175972067954
parking,34.038332529756595,-118.44171748143674
parking,34.039115622565085,-118.44233495495112
parking,34.1028417175314,-118.10700812455859
parking,34.021175906449756,-118.46680966376874
parking,34.02140531707297,-118.46889421598314
parking,34.16017908941773,-118.44393641770766
parking,33.88051697857214,-118.33474635470765
parking,34.104837962744426,-118.18381360033611
parking,33.813504169497634,-118.3867392809432
parking,34.01684828436148,-118.40777368896609
parking,34.11431570187366,-118.15356279256703
parking,34.37775241767917,-118.46969151470715
parking,34.18688768741708,-118.53447676089623
parking,34.292539725272555,-118.44959910285483
parking,34.10164213203095,-118.23713857889373
parking,34.12530590560463,-118.21202722066506
parking,34.130278362292124,-118.11166407758925
parking,34.131471261660295,-118.11201265923263
parking,34.10202457022872,-118.11030305224965
parking,34.075215955062994,-118.07067670729394
parking,34.2019238615437,-118.2249085769942
parking,34.201566432746716,-118.22462727603656
parking,33.90606669999998,-118.00462015
parking,33.9060589,-118.00481945
parking,34.223904263914406,-118.37793576719655
fuel,34.157341127332025,-118.41338078106568
parking,33.94256522654556,-118.19599669718325
parking,33.942410278747055,-118.19518737183823
parking,33.942183691675964,-118.1943090927754
parking,33.942150999979646,-118.1932137767054
parking,33.94254076683697,-118.19642225421381
parking,34.03421810846506,-118.703649195617
parking,34.229709993476284,-118.54548328235428
parking,34.0642443178293,-118.2178264362809
parking,34.064366837976436,-118.21886403076901
parking,34.441898933554924,-118.60038590115634
parking,34.59038817753922,-118.12063667094814
parking,34.07812694944877,-118.12589797440702
parking,33.73347133497263,-118.34886412110792
parking,34.13717223303915,-118.03191441835806
parking,34.13633704884955,-118.03545462263294
fuel,34.156150247988336,-118.3238617516443
parking,34.1989348607427,-118.38737602478163
parking,34.13936798772508,-118.13118126982378
parking,34.14658533343608,-118.08051677881173
parking,34.090590295704175,-118.31745081704389
parking,34.117497776841994,-118.26038303735359
parking,34.11686610385354,-118.26117231866772
parking,34.114056886059316,-118.24569643377573
parking,34.09747931253383,-118.3115575556013
parking,34.105443660962,-118.33709430489894
parking,34.5852513308336,-118.71040054680692
fuel,33.99334157708918,-117.92086479499838
fuel,33.99145289999999,-117.93143864999999
parking,34.19014119288141,-118.33129206292438
parking,34.13531518612702,-118.0534843241415
parking,34.13772259599859,-118.05314213930991
parking,34.136890759758884,-118.05210616803573
parking,34.10152373573035,-118.29423951035619
parking,34.147535323657834,-118.23020430895248
parking,34.15097758001018,-118.07146317468448
parking,34.150670385920385,-118.07253957378751
parking,34.1505924718645,-118.07010094728574
parking,34.15057227724246,-118.07120942785285
parking,34.42802505503133,-118.60142990125578
parking,34.09795857604162,-118.12269184617043
fuel,33.84721464791419,-118.26426116525424
parking,34.09714740633012,-118.1058817326543
parking,34.104234119821534,-118.32950666036801
parking,33.81672720980774,-118.30956593262611
parking,33.871810365340565,-118.35609242217856
parking,34.14454870492658,-118.16149632504494
fuel,33.96072270975923,-118.34807483797148
fuel,33.834476949999996,-118.1160927
fuel,33.79201915,-118.13893129999998
fuel,34.57972832498505,-118.08153980694513
fuel,34.17965370179538,-118.59697562075911
parking,34.180048242744135,-118.6022333344905
parking,34.18215334552323,-118.60465659180406
parking,33.799234403258424,-118.14029697433662
fuel,34.106995600000005,-117.8240655
parking,34.11719550959789,-117.83503216301428
fuel,34.106948029168535,-117.81687925051179
parking,34.20069586744975,-118.49320886980937
parking,34.15894653698232,-117.91096267493207
parking,34.0946321879808,-117.71539556702837
parking,34.09462479164665,-117.71831536534248
parking,34.094627900550975,-117.71684848784199
parking,34.09462447763041,-117.71746153490483
parking,34.09463090814005,-117.716003188757
parking,34.01747048401589,-118.40656590771233
parking,34.099285124412056,-118.23574736710712
parking,34.037799283860146,-118.74739225476026
parking,34.10946877442257,-118.28792650533958
parking,34.10520393341172,-118.29155726701052
parking,34.10037894162925,-118.2922759191925
parking,34.10524085439349,-118.29209098822815
parking,34.102494318593365,-118.2921233124358
parking,34.10204310412129,-118.2921725708993
parking,34.105611854703895,-118.28712723106871
parking,34.10568701898217,-118.28770267155234
parking,34.10920268636672,-118.28704161617227
parking,34.10378211713178,-118.28713603754474
parking,34.10976716249959,-118.28721302967332
parking,34.104940172349146,-118.30969053366884
parking,34.1022870311442,-118.30872098544077
parking,33.8346966698495,-118.34786630851006
parking,33.82844283058,-118.34830555561888
parking,34.017307131040546,-118.4564996587095
parking,34.05063235944483,-118.4515383568883
parking,33.94920273670157,-118.39442806071541
parking,34.10361496473185,-118.34010579509047
parking,33.99269217169861,-118.44614077733318
parking,33.98792764253174,-118.4647218752819
fuel,33.970570186732196,-118.3789752720929
fuel,34.15455043166219,-118.34018553522664
parking,33.78109946427507,-118.42017731594218
parking,33.781065790542016,-118.41942638540371
parking,33.709653848515764,-118.29565406525627
parking,33.77968169945569,-118.30913944938187
parking,34.385389228358406,-118.57109095395852
parking,33.78365749460193,-118.34922599525726
parking,34.37803489131212,-118.55750388228715
parking,33.84151377576878,-118.26102856184103
parking,33.840892004285536,-118.26012284309773
parking,33.99630984446523,-117.79854705260452
parking,34.38136695792999,-118.54094627103072
parking,34.39082967894022,-118.57293817494727
fuel,34.06337806805038,-118.44856149509027
fuel,34.13396699216305,-117.92457277484644
fuel,34.13323807549329,-117.92526650717244
fuel,34.13321648288722,-117.93305736621923
fuel,34.13631445602165,-117.87218987486223
parking,33.898772189744406,-118.36806140441917
parking,33.89932804435691,-118.37251616846196
parking,34.18629136129885,-118.49985207167903
parking,33.83718503688476,-118.31513079492215
parking,33.82708295290929,-118.32739378710839
parking,33.82605559296982,-118.32821745857301
parking,34.16442035492415,-118.49186935303916
parking,33.7451779577007,-118.41119282995582
parking,33.74411988007972,-118.41040487601238
parking,33.92666021017926,-118.12841161533643
parking,34.674483644343255,-118.19171757475614
parking,34.04926186666667,-118.2455099
parking,34.67398584221446,-118.1859615226631
parking,34.69982619949959,-118.15326775950633
parking,34.70278066983358,-118.17717553390497
parking,34.70257975548468,-118.17349928708241
fuel,34.697021943789,-118.14760837296747
fuel,34.696820021097714,-118.1478058440159
parking,34.690757090488795,-118.17312878127667
parking,34.69415417865404,-118.17319010961737
parking,34.69699279633373,-118.13640052083278
parking,34.6982427454944,-118.14711737161676
parking,34.69947643921107,-118.14854107838363
parking,34.69888162489496,-118.14863736074624
parking,34.69804479558277,-118.14848702944654
parking,34.69866999367299,-118.14858849414762
parking,34.70056553111711,-118.14845442827233
parking,34.70458977522076,-118.14752496439664
parking,34.70440339153202,-118.1495210615594
parking,34.70435025662169,-118.14661433153184
parking,34.70009241130126,-118.17469101362572
parking,34.70110764119213,-118.17147176575706
parking,34.69300853838287,-118.17134737100727
parking,34.68723787488906,-118.1644796889932
parking,34.6846067985183,-118.16418050938351
fuel,34.682705,-118.16612454999998
fuel,34.682682240629084,-118.16625834939128
parking,34.69922519998074,-118.14731779824461
parking,34.69951812225663,-118.13008955878543
parking,34.12039793292308,-118.1199306366668
parking,34.027154979978334,-118.23875851626715
parking,34.02666914580783,-118.23886012183098
parking,34.03891801329261,-118.23398868987441
parking,34.66558365390878,-118.15125937515168
parking,34.66326709373341,-118.14990490270209
parking,34.66672937001659,-118.14867887106445
parking,34.66676208417725,-118.14969135045394
parking,34.66513148922368,-118.14848849207849
parking,34.688649806039706,-118.16664390061968
parking,34.687878427145385,-118.16768361801093
parking,34.68915203966879,-118.1678738250965
parking,34.68828612511367,-118.1678619970012
parking,34.690643046061375,-118.16615146883422
parking,34.6899185916892,-118.16690783431896
parking,34.69062710682882,-118.16732099600989
parking,34.60579691246798,-118.14174940933746
fuel,34.602263545583256,-118.15093022497341
fuel,34.601430126187935,-118.14826827392417
parking,34.70118385448872,-118.14291648601238
parking,34.69974540367189,-118.14327070941154
parking,34.69995149118928,-118.14141297880437
parking,34.69961140900967,-118.14561033829214
parking,34.69811231438069,-118.1434156134396
parking,34.6983051319835,-118.14390443889472
parking,34.70135548259277,-118.12334241760516
parking,34.702320806649595,-118.12198725006196
parking,34.692817693917256,-118.12208415749474
parking,34.64903220744994,-118.18246111449695
parking,34.69203180248527,-118.14174839357788
parking,34.671842812564115,-118.07277873451396
parking,34.71160517630218,-118.13995393609841
parking,34.029759516321974,-118.24170843990143
parking,34.03682944785612,-118.24021108900784
fuel,34.67481811784459,-118.16541044989638
parking,34.67389035209893,-118.16679415823289
parking,34.67720115376266,-118.16228188202791
parking,34.68067919423098,-118.16502638715353
parking,34.67884681865398,-118.16364756880728
parking,34.6796753217523,-118.16445634545686
parking,34.67880914670395,-118.16467590051337
parking,34.67908457787185,-118.16505857198652
parking,34.67567476167102,-118.16698515909677
fuel,34.675286354687266,-118.16104737498435
parking,34.69905692671774,-118.17186753895133
fuel,34.67470805000001,-118.15479524999999
parking,34.67613057905433,-118.16067029741481
parking,34.12498433125518,-118.25960155524523
parking,34.02595430452386,-118.37168374282841
parking,33.89520378623217,-118.37069884642399
parking,34.498579382325076,-118.11825112251549
parking,34.38048081459192,-118.52717339246452
parking,34.37966094257777,-118.52730747341108
parking,34.16361824999999,-118.4481778
parking,34.054352821071454,-118.23180165047107
parking,34.68618893109898,-118.16644184729877
parking,34.69544015291143,-118.14879819260725
parking,34.694602911067605,-118.14755152698201
parking,34.693248572045526,-118.14840480876367
parking,34.10800477022137,-118.28721315656841
parking,34.107541977967244,-118.2725068431235
parking,34.74068465660111,-118.20252164370707
parking,34.10643826794193,-118.28789591037375
parking,34.697248000761206,-118.13734551507125
parking,34.69738572063198,-118.14015375346422
parking,34.6974389369333,-118.13875849578926
parking,34.696714852394145,-118.13885395011167
parking,34.67089120077727,-118.14691167823986
parking,34.670695140969045,-118.150213372061
parking,34.6701708784795,-118.15295901791623
parking,34.668394379259375,-118.15135413547597
parking,34.669478126974916,-118.15070067107312
parking,34.672789494156916,-118.1541014445863
parking,34.67399426146979,-118.15317491594294
parking,34.66879005601825,-118.1487364307469
parking,34.66588567266062,-118.14730186881374
parking,34.661389522849184,-118.15070190039452
fuel,34.66081837173238,-118.14900680967594
parking,34.637173554795595,-118.14716374551156
parking,34.637875665397374,-118.14886652532509
parking,34.67605791880556,-118.1548729516498
parking,34.67590219233402,-118.15626497405327
parking,34.67751524574314,-118.15598816496043
parking,34.67813817217971,-118.1557142592361
parking,34.68124826930679,-118.15800112758951
parking,34.68147203141499,-118.1562957217613
parking,34.68994241442244,-118.15601479577444
parking,34.11473353481817,-118.26919811935903
parking,34.69935301994199,-118.14039651087771
parking,34.68868758670889,-118.146448215268
parking,34.66893845468894,-118.41057277633116
fuel,33.83077089999999,-118.09246174999998
parking,34.19106150334845,-118.17861398092911
parking,34.166737686054844,-118.22993422984399
fuel,33.945840750194364,-118.32963529936984
parking,34.16870431665144,-118.22706895912964
parking,34.146745685851805,-118.1166788156608
parking,34.14635898712172,-118.1168719985671
parking,34.14637208122828,-118.11634485823565
parking,34.12676542289906,-118.70721478795717
parking,34.12202603133428,-118.27389114452647
parking,34.08012761106446,-118.22843766410143
parking,33.924197773974875,-118.3954328111323
parking,33.92277431145487,-118.3955523207922
parking,33.929806686601616,-118.38637489218219
parking,34.05721454451652,-117.74935031947845
fuel,34.14552695147573,-118.78140811620862
parking,34.20452497212046,-118.2272445925819
parking,34.16981355102158,-118.11242806223808
parking,34.39282196995657,-118.56824723839844
parking,34.1487732096718,-118.12194868368614
parking,34.09761660625306,-118.20487314784982
parking,33.79709158713497,-118.13976229510322
parking,33.79178186346481,-118.14155099178915
parking,33.771607133713445,-118.37413383374563
parking,33.77484129735449,-118.37624791082939
parking,34.02759961119736,-118.50001786965335
parking,34.156930492224824,-118.15116744353683
parking,34.02993038905936,-118.30350304925422
parking,33.854258076475105,-118.38028563191943
parking,34.05872846964475,-118.21063302563543
parking,34.09771558444156,-118.28798923707531
parking,34.07995830996678,-118.26144079693547
parking,34.59998196480275,-118.1366415553196
fuel,34.60142097502308,-118.13877043094043
parking,34.02744072331739,-118.3929906288657
parking,34.03436679198039,-118.44872692048328
parking,33.98546259643968,-118.43918341543996
parking,33.81636503144031,-118.38571375520814
parking,34.136365925552056,-118.04928694590964
parking,33.924087394919844,-118.41435192075103
parking,33.86547189998998,-118.39426627021737
fuel,34.41628236335004,-118.50320249671884
parking,34.02175315,-118.48942780000002
parking,33.958727340102726,-118.39765010516223
parking,34.1201196374361,-118.20133036471
parking,33.92329167614414,-118.416369323223
parking,33.92365831654863,-118.41658398128871
parking,33.92553395388015,-118.41004991285047
parking,33.89611592215573,-118.39512418794453
parking,33.80460800239357,-118.35310620993495
parking,33.829015592515496,-118.3423260524401
parking,33.80203309572082,-118.3437871224184
fuel,33.823890633817996,-118.340298054297
parking,33.82812886824298,-118.34646733533508
parking,33.8255688060674,-118.34646772512085
parking,33.82683390179289,-118.34647125171148
parking,33.826072666232584,-118.34810499438872
parking,33.805613960243676,-118.3532093221368
fuel,33.7912152,-118.29114965
parking,33.79960821452897,-118.3466784941266
parking,33.898600641268146,-118.37327075743414
parking,33.900774043536906,-118.37262103684667
parking,33.90146809490907,-118.37361148475912
parking,34.64975434895799,-118.22903743933978
fuel,34.49438515,-118.62026700000001
parking,33.944912070927835,-118.18787927615676
parking,33.94396566861058,-118.18802372075041
parking,33.94302152654075,-118.18816563427296
parking,33.94232325980842,-118.18638989687723
parking,33.94570525784079,-118.18337190330243
fuel,34.04475615,-118.32798480000001
fuel,34.032863668298965,-118.35043794169131
fuel,34.035641751681744,-118.34985485994213
fuel,34.04640874045791,-118.34550880884768
parking,34.028984052767015,-118.41166301610599
fuel,34.054425030171,-118.32347717505336
fuel,34.034379885808455,-118.69064767818757
parking,34.034480898499616,-118.69361405328758
fuel,34.021775399999996,-118.80899705
fuel,34.04994485336139,-118.43777236571569
fuel,34.053103501131226,-118.37653086869642
fuel,34.04822382066522,-118.34420358792897
fuel,34.09106546780321,-118.3271003659012
fuel,34.04489962559354,-117.80273977207199
fuel,34.044512753387885,-117.80242469506608
fuel,34.019562300000004,-117.80827144999999
fuel,34.022511966407876,-117.81071535099704
fuel,34.02879247687687,-117.81013066648015
parking,34.200489511380226,-118.15744211070981
parking,33.762977180330275,-118.20141993154635
parking,33.923062341258465,-118.32448844325276
parking,33.92299162405982,-118.32288390920121
fuel,34.25787547392402,-118.50276193621596
parking,34.25842246949692,-118.50332607631357
parking,34.15620430129844,-118.13341274561355
parking,34.1559434,-118.13444895
parking,34.15648766941759,-118.13300295499121
parking,34.09121992157814,-118.36099295920313
parking,34.1252762,-118.09806415
parking,34.13514410859006,-118.13268555400228
parking,34.13606377538802,-118.131764034552
parking,34.135726117796686,-118.21584793935577
parking,34.00145591519809,-118.4692582398712
parking,33.8341778709826,-118.35488722579883
parking,34.07089598318061,-118.36026575646208
parking,33.83864386593421,-118.35458774097715
parking,33.83259995560864,-118.35185421863324
parking,33.83087275803497,-118.35184443064524
parking,33.8293668090516,-118.35135009103506
parking,33.82604555121296,-118.34957834464193
parking,33.82618036488127,-118.35071596218981
parking,33.82749042201001,-118.35094629186625
parking,33.83177017960111,-118.34788550987223
parking,33.829027800301965,-118.3479247664781
parking,33.82763322953509,-118.35306426349332
fuel,33.83853156266914,-118.38574142593863
parking,33.83685669685582,-118.35087141708668
parking,33.98300739597172,-118.46087081479385
parking,33.82530973259367,-118.35291382799663
fuel,34.12493620955277,-118.06048610688778
fuel,33.84741575,-118.14207235
fuel,33.81096291238389,-118.12571632477618
fuel,33.82141497254734,-118.1075345573815
parking,34.04178863132037,-118.46125372720954
parking,33.873079123956565,-118.36932551127846
parking,33.87355640223097,-118.36980540667471
parking,34.053838186833445,-118.35508021370794
parking,34.04402954813086,-118.45453607138376
parking,34.04191620314507,-118.4554597915518
parking,33.811715937329986,-118.34847510818646
parking,33.81229354260095,-118.350422617439
parking,33.814221361545144,-118.35025130104549
parking,33.813035371706604,-118.34782921870449
parking,34.104062169274954,-118.28766111439612
parking,33.98926429451205,-118.39470186635702
parking,33.99012090604146,-118.394493227294
parking,33.98683255639695,-118.3907446382553
fuel,33.804821249999996,-118.18530030000001
fuel,33.804064249999996,-118.16800764999999
parking,34.10193165756328,-118.3024281773054
parking,33.86076980976309,-118.12325915290643
fuel,33.859997899999996,-118.1247139
parking,33.85964682531386,-118.12429488211345
fuel,33.8600466,-118.12551364999999
parking,33.86120102889666,-118.12465066206599
fuel,33.8744722,-118.15102499999999
fuel,34.220818630774986,-118.50237211257821
parking,33.82416491825324,-118.14793836869137
fuel,33.79636987936085,-118.12496030000003
parking,33.882523594266246,-118.37013971277419
parking,33.883292370300715,-118.37015247337854
parking,33.84667231261938,-118.10065529454174
parking,33.89402565522327,-118.39543652285664
parking,33.88572625,-118.3788411
parking,33.88535899235259,-118.3788658489881
parking,33.87316170588945,-118.326922632316
fuel,33.88765704526178,-118.37911315037859
parking,33.887698285321775,-118.3795054820727
fuel,33.90158109915827,-118.36077096002636
parking,34.17921225045512,-118.40559068068181
parking,34.1796236632637,-118.4048360707578
parking,34.17921990155678,-118.40490535549759
parking,34.17969401790342,-118.40635528697287
parking,33.825852450698555,-118.14721384802382
fuel,34.17423586711467,-118.09858328716719
fuel,34.19425510302188,-118.36989683997707
parking,34.14631403620715,-117.99988144260877
fuel,34.14391584786176,-118.76114381666574
parking,34.14542172178936,-117.99997830398678
fuel,34.22169140866565,-118.4673788750427
parking,33.774155974831196,-118.12016466163055
parking,33.775028566934175,-118.12019706086605
fuel,34.157967588983674,-118.39684995955945
fuel,34.20086597917155,-118.4746121920685
parking,34.18711796047876,-118.50449621657843
parking,34.16449736425368,-118.39713975812376
parking,34.165314735226445,-118.39715340907297
parking,34.172568558014675,-118.40415334785085
parking,34.172423234639226,-118.40552601264312
parking,33.922557350000005,-118.41632279999999
fuel,34.186349167414974,-118.41559568958168
parking,34.10574026279673,-118.31824439444321
fuel,34.22116705,-118.47458805000001
fuel,34.16460137277251,-118.3961133097434
fuel,34.18699324257118,-118.45783911858055
parking,34.18107656640573,-118.44919761845725
parking,34.00625909978018,-118.46532276730593
fuel,34.150450850000006,-118.4483652
parking,34.08526424413403,-118.24600208684025
fuel,34.213778544648065,-118.44832906661522
fuel,34.17178464054022,-118.4482612829375
parking,33.864938903658654,-118.32143198414634
parking,34.12577360855176,-117.85520594034749
parking,33.92408133983021,-118.32544541973702
parking,33.924142720880944,-118.32375902849206
parking,34.41723108056916,-118.55711839744455
parking,34.41831034935661,-118.5602393740883
parking,34.38533478865261,-117.68749052172998
fuel,33.81286030515741,-118.11478821283106
parking,34.23527049839761,-118.52763262013752
parking,33.8021914280179,-118.09595134448688
fuel,34.58296056811542,-118.13818235079408
fuel,34.1651452,-118.41410395
parking,34.18149087216179,-118.44918037461882
parking,33.84043871527692,-118.35870466776844
parking,33.833236602844956,-118.1421006467777
parking,33.832794369684024,-118.14204217186943
parking,34.129032173504136,-118.25872189841168
parking,34.15231164267504,-118.4534042860212
parking,34.1520627555146,-118.45118503438256
parking,34.15210473779844,-118.45142937831532
parking,34.15179749281055,-118.4518783599363
parking,34.15210442000177,-118.45232057943524
parking,34.1516518615749,-118.45053217339725
fuel,34.15218394043225,-118.44903675839234
parking,33.823887390097106,-118.14297748765308
parking,33.81923694210952,-118.13982860104285
parking,34.140889832999925,-118.03035199559942
parking,33.79377813410871,-118.33169043683405
parking,33.7936406075185,-118.33330419949844
parking,33.792976125826144,-118.33274074127247
parking,33.79316805,-118.33334835
parking,33.79391420873178,-118.33492954750393
parking,33.79439152612351,-118.33322777396458
parking,33.793611998478575,-118.3342979755444
parking,33.793115579820935,-118.33403913621012
parking,33.79612861384075,-118.33725498771986
parking,33.79491948234143,-118.33601150672092
parking,33.79585867674741,-118.33751258647071
parking,33.79473390039061,-118.33610908431469
parking,33.79557686251384,-118.33749163735105
parking,33.79429965,-118.33576849999997
parking,33.79548320137765,-118.33680450357441
parking,33.7958960409849,-118.33789137973565
parking,33.79461935342311,-118.3353581023003
parking,33.79758574320941,-118.339769203194
parking,33.799945272338434,-118.34224025382589
parking,33.799589556098546,-118.34161208529717
parking,33.7980108,-118.34041505
parking,33.79861127955386,-118.34069157289805
parking,33.79922648826474,-118.34185907843674
parking,33.80079872513239,-118.34346021162393
parking,33.80214095968012,-118.34488453238787
parking,33.80266801623109,-118.34587034997898
parking,33.80344346682461,-118.34687286332213
parking,33.86091418100032,-118.1256780948794
parking,33.86063586561572,-118.12470117107696
parking,33.84731570501038,-118.12458079707761
parking,34.049770275950586,-118.05968103593392
parking,34.10017936189562,-117.7708964652873
parking,34.098704040690066,-117.77244014121963
parking,34.1010413,-117.77398164999997
fuel,33.9314590206405,-118.18035334768392
parking,33.868008408808016,-118.06481015269897
parking,33.867107158496985,-118.06632849088774
parking,33.931044683998664,-118.12636783945415
parking,33.92536612321804,-118.13104573449415
parking,33.92559382442938,-118.12610224490842
parking,33.92510148693402,-118.1269580963061
fuel,33.84754014575779,-118.15948940773377
fuel,33.78239554283689,-118.15205015268096
parking,33.782074833604916,-118.14127843913678
parking,33.78117806119898,-118.14137339767042
parking,33.781062975105385,-118.1409218776721
fuel,34.14544885412026,-118.41356108806453
fuel,33.76884618260388,-118.18196637085495
parking,34.12076885565367,-118.29335703570251
parking,33.876720024930556,-118.13718795040404
fuel,33.81069355801836,-118.09881674148384
parking,33.774710502937204,-118.19007222679741
parking,33.98295217490022,-118.40106657578892
parking,33.82436262724562,-118.33142069498582
parking,34.18746123320119,-118.31860610045558
parking,33.91676221182266,-117.99274038797293
parking,33.84606881418732,-118.1153956443991
parking,33.8327004809623,-118.14289570750026
parking,33.80809595,-118.32768529999998
parking,33.80333967326291,-118.33482314687743
fuel,34.23220107100562,-118.25351887236936
fuel,34.2276797,-118.24608314999999
fuel,34.22221910000001,-118.23726750000003
fuel,34.24765310402773,-118.27856998205445
parking,34.27249028657279,-118.3417401469003
parking,34.2717795975175,-118.34367028295517
parking,34.27192014374456,-118.34543643539234
parking,34.27266557279729,-118.34554453311273
parking,34.27280780079668,-118.34453965806209
parking,34.02023939386951,-118.40479955145452
parking,34.020465269493904,-118.40442032730434
fuel,34.09041985482243,-118.3360208450738
parking,34.17190146486314,-118.36203441213524
parking,34.32382639706355,-118.47366654299643
parking,34.365066370556725,-118.5007520828602
parking,33.74134246941928,-118.4025484926758
parking,34.68158936174057,-118.16669807846338
parking,34.70312243239991,-118.16737985686729
parking,33.80015428407444,-118.38907509483903
parking,34.19115775597752,-118.59694870983473
parking,33.83581919631169,-118.35182198938115
parking,33.901148561472425,-118.38043848882168
parking,33.901270364864644,-118.38206306230828
parking,34.24339741459582,-118.4666913457728
parking,34.20039440916775,-118.60065110850644
parking,33.85879668141065,-118.0861163035197
parking,34.09751096652112,-118.34362716768615
parking,34.05252151796789,-118.34443281064237
parking,33.97977914553178,-118.42116937294675
parking,33.789094380614884,-118.30908330746821
parking,33.78909398606795,-118.30882054643845
parking,33.789244925084866,-118.3109532726098
parking,34.01656826161873,-118.44545064963245
parking,34.048174028418174,-118.25185905445913
parking,34.11648694708104,-118.23322353018725
parking,34.191395954831414,-118.33698208726697
parking,34.19109080118695,-118.33542120379161
parking,34.19423709928127,-118.34959922967118
parking,34.19527834255483,-118.34974303132287
parking,34.44022020014259,-118.51566547565783
parking,33.959462422791105,-118.43162888455058
fuel,34.051923326301676,-118.38388489799341
fuel,34.048605429480766,-118.38581785424762
fuel,34.05914639040866,-118.38329160929142
fuel,34.04391767597787,-118.42069731802414
fuel,34.078286329869165,-118.4695495040546
parking,34.02149533989325,-118.40251974779974
parking,34.02032437308367,-118.40347581438462
parking,34.02004842653492,-118.40397044529234
fuel,34.15134918408739,-118.03211016797835
parking,34.02652830125759,-118.39392254753382
parking,34.029341643472165,-118.4060413323521
parking,34.028505894138036,-118.40970561616136
parking,34.02604922718521,-118.41230248756666
fuel,34.03110537740473,-118.41596055157592
parking,34.02110929703792,-118.40210401554596
parking,34.020917009015065,-118.39974094859315
parking,34.020991848792356,-118.40050423567828
parking,34.02379024002643,-118.39886563068394
parking,34.022316899319506,-118.39992351165183
parking,34.183322894386016,-118.15879557143296
parking,34.18701268094239,-118.62408843639334
parking,34.186938906896486,-118.62532210970178
parking,34.19217429394078,-118.62699123012277
parking,34.1909805855974,-118.62428988310059
parking,34.18602112631377,-118.62561911832834
parking,34.185252150518956,-118.62723751952163
parking,34.02293841100054,-118.39608117895035
parking,34.02722965801348,-118.39155757443099
parking,34.02769252741061,-118.39055863933874
parking,34.025399545635025,-118.39390120914
parking,34.02512553024811,-118.39636374563538
parking,33.97565100367462,-118.03694318886804
parking,33.975876687096736,-118.03701091480339
parking,34.016949785988224,-118.40589926792872
parking,33.97607383831014,-118.03825280849354
fuel,33.966229479240454,-118.03764005699
parking,33.824565086033566,-118.14445781836628
parking,34.17719278793596,-118.07887410806796
parking,34.14914276618451,-118.1317633275425
parking,33.84555685941812,-118.16699778898588
fuel,33.836398450000004,-118.18545125
parking,34.11800284386925,-117.77592071495685
parking,34.11564045042345,-117.77293875948192
parking,34.03336261400627,-118.45342486906114
fuel,34.03272221429783,-118.45346367193054
parking,34.032878566310096,-118.45259440018542
parking,34.03394172103807,-118.45457145138018
parking,34.184226851948985,-118.15894504474986
parking,34.12139805475097,-117.78766580403952
fuel,34.120906050519444,-117.78906799974688
parking,34.120962491011426,-117.7888525950798
parking,34.11572469246243,-117.77590448721104
parking,34.11691209256893,-117.77730335322008
parking,34.192249879303375,-118.59718806235605
parking,34.09971165798016,-118.29123842138233
parking,34.10065478440015,-118.29145721279271
parking,34.09627537034814,-118.28523803499114
fuel,34.05777955,-118.30942155
parking,34.10152356738265,-118.30154507325439
parking,34.101551377999236,-118.29813247012574
parking,34.10156374335242,-118.30184339339569
parking,34.10143487261277,-118.301339053209
parking,34.101484866931436,-118.30654155355312
fuel,34.32430144999999,-118.45968154999997
fuel,34.3750134,-118.52213935
fuel,34.379714650000004,-118.56877235
fuel,34.490768349999996,-118.61823309999998
fuel,33.7895858258167,-118.19335952687916
parking,33.869724394869166,-118.06180311815653
parking,33.873199874421935,-118.09369982264732
fuel,33.858133546506124,-118.08253154275451
parking,33.8626758607388,-118.09612000351305
parking,33.85915443807083,-118.09329326978352
parking,33.86292898778987,-118.09235322962874
parking,33.9214960251112,-118.10322628014633
parking,34.77243567511903,-118.75964019494516
fuel,33.974315618078585,-118.29995230030707
fuel,33.74914612258756,-118.40726101344583
fuel,33.9015091,-118.2913232
fuel,33.87178364999999,-118.2715055
fuel,34.010493234239824,-118.29190984505225
fuel,33.742179400000005,-118.2920173
fuel,34.01064059827334,-118.30052175814431
fuel,33.891508,-118.29888464999998
fuel,34.146065848831505,-118.33978453499121
fuel,33.808010377091755,-118.26368752414922
fuel,33.807642694248266,-118.27277037868933
parking,34.19965620927651,-118.18865699251936
fuel,33.82507768448416,-118.24155422472946
fuel,33.841594799999996,-118.28958675
fuel,34.01467704437639,-118.34233024570813
fuel,33.8479472,-118.26516625
fuel,33.842263510015705,-118.28721654833511
parking,34.11878522231112,-118.2941015625718
fuel,34.00337737493078,-118.30858029228544
fuel,33.98898973784837,-118.24073380048401
fuel,34.493074406739225,-118.620182291337
fuel,33.98530484999999,-118.4377571
fuel,33.981038792785974,-118.43904071417563
fuel,33.80170316665102,-118.12573023340146
fuel,33.87332461035715,-118.08263134999034
fuel,33.87499451842637,-118.08196384847975
fuel,33.85800645013711,-118.1173964594116
fuel,33.855261724510136,-118.11732474099196
fuel,34.04053631483101,-118.578998149805
fuel,33.80852887675563,-118.26452992561856
fuel,34.171864374809374,-118.39613516474094
parking,34.16218765038723,-118.37269383805474
fuel,34.210873054648694,-118.34826482088201
fuel,33.95960072525086,-118.38289249405958
fuel,33.77557526822697,-118.1520110517377
fuel,33.77570190241229,-118.15222325307016
fuel,33.87496208389902,-118.16904798328187
parking,33.891654346093276,-118.18144125737278
parking,33.90128584485307,-118.18311926776437
parking,33.89325226912503,-118.18001784572355
parking,34.19984167947061,-118.59736589568254
parking,34.19981312205974,-118.59688931448336
fuel,33.88960724486118,-118.11786192568597
fuel,33.889742299838026,-118.11762924646816
fuel,33.80404658250784,-118.16570809889191
fuel,33.96130185,-118.37053465
fuel,34.0276434168305,-118.51812329937847
parking,33.95766404855671,-118.41885737046196
parking,33.80397597409686,-118.35064557785395
fuel,33.95955003830336,-118.40473452328905
fuel,34.076565368762104,-118.3095540952162
fuel,33.96021339458867,-118.39656010005073
fuel,33.992082084280945,-118.44527611278333
fuel,33.96012580841122,-118.39176192481504
fuel,34.08324736521099,-118.3094693221814
fuel,33.9775732606545,-118.38672171553634
parking,33.985576983292894,-118.39246378394094
fuel,33.98830920595072,-118.39569859938757
fuel,34.10505248712261,-118.32485472506296
fuel,34.07767960235228,-118.46887902285569
fuel,34.04229206815595,-118.42467075294539
parking,33.98156912505191,-118.46134539545648
fuel,34.052232664578575,-118.47429006147641
fuel,34.03225384776532,-118.45308654144598
fuel,34.03199382622131,-118.4457046274836
fuel,34.069220900000005,-118.29874969999999
parking,34.188944094314145,-118.65930340668037
fuel,34.235866675283944,-118.60459608831334
fuel,34.0309097,-118.42083099999999
fuel,34.0594898664069,-118.39952630644343
fuel,34.05056209211785,-118.43518478373366
fuel,34.06925650457755,-118.30874482235512
fuel,34.027561657442575,-118.25793679901375
fuel,34.11082451251065,-118.2913581778789
fuel,34.03303136821355,-118.29182740021609
fuel,34.02831679163048,-118.21880485851186
fuel,34.1149880333177,-118.2463543961392
parking,34.18611947920873,-118.66581666222275
fuel,34.04118871287065,-118.2377440870999
fuel,34.026836063869276,-118.24897050763109
fuel,34.020250058822135,-118.23908441374535
parking,34.13749362160338,-118.26586367636055
fuel,34.120610301484625,-118.2289155825521
fuel,34.047520219461305,-118.29188623512331
fuel,34.12478828960233,-118.23150872160477
fuel,34.12525832425979,-118.23217910658619
fuel,34.098276999999996,-118.36537145
parking,33.99889966029264,-118.46169240838022
parking,33.99839293515018,-118.45988502258936
fuel,34.095814323054675,-118.2079565882781
fuel,34.145489983541175,-118.22854434854915
fuel,34.02086857062152,-118.18884155900594
fuel,34.020991129081104,-118.18904779204156
parking,34.090280773570676,-118.37568751870442
fuel,34.13518007516849,-118.23382797307865
fuel,34.05844023868364,-118.36399923577459
fuel,34.02799082601309,-118.3717482032098
fuel,34.18702144529468,-118.38829456253146
fuel,34.33794082239416,-118.50431343712644
fuel,34.20142385918455,-118.48396346157794
fuel,34.215969514785314,-118.5357928511394
parking,34.12557637423259,-118.05191965814443
fuel,34.20158145,-118.46582365000002
fuel,34.20157342657581,-118.46670098142431
fuel,34.20812597881178,-118.46648945539285
fuel,34.15911634814156,-118.49907458328596
fuel,34.16514169777305,-118.36187397503652
fuel,34.137003258595385,-118.36272704793373
fuel,34.14991422010469,-118.39681913978025
fuel,34.201436456085005,-118.51896469992045
fuel,34.208187643955156,-118.52703826743634
fuel,34.201467018672176,-118.53568642381474
fuel,34.279317588203845,-118.46914908189869
fuel,34.279605355866174,-118.46915308497813
fuel,34.19411811158453,-118.5364327581192
fuel,34.19368889613618,-118.53552336363116
fuel,34.235169838821854,-118.52698981206528
fuel,34.236118274940665,-118.50229547909437
fuel,34.221385475989486,-118.50952427533714
fuel,34.278866,-118.47078874999998
fuel,34.2787065,-118.470732
fuel,34.17955464361241,-118.43163642520962
fuel,34.17968192139336,-118.4315084442131
fuel,34.17969879592786,-118.43165676923608
fuel,34.22804922514084,-118.48554051308737
fuel,34.14657835,-118.61278865
fuel,34.14661345,-118.61259975
fuel,34.20870100061302,-118.50953386074467
fuel,34.17182034343773,-118.45706404180584
fuel,34.25711018047756,-118.484546465935
fuel,34.25709924747882,-118.47000282495152
fuel,34.25702184324358,-118.46771464920018
fuel,34.20809587115852,-118.55387042504005
fuel,34.27165174999999,-118.47115504999996
fuel,34.25757864999999,-118.5236825
fuel,34.23151565990088,-118.55194870788557
fuel,34.19405337491122,-118.57060348076733
fuel,34.19422803733048,-118.57066446256215
fuel,34.1869712750285,-118.49274748236564
fuel,34.18695345,-118.49257575000001
fuel,34.186847775272376,-118.49276379557118
fuel,34.18689465,-118.49206305
fuel,34.30346951771457,-118.47870357164537
fuel,34.22136879715854,-118.40498631338312
fuel,34.18688491248337,-118.47526307514289
fuel,34.2214203650937,-118.39238161790718
fuel,34.272364200000005,-118.50246475
parking,34.12839049485817,-117.8579951170475
parking,34.1285415403156,-117.85728928563339
fuel,34.1290319427445,-117.86350761808146
fuel,34.128507384140164,-117.87213142174515
fuel,34.12834929972991,-117.87234633239898
fuel,34.24964404917083,-118.57938467560555
fuel,34.249689288026794,-118.5795880002071
fuel,34.27307315593474,-118.42636297237857
fuel,34.27493385805577,-118.39601994751992
fuel,34.28961778769456,-118.44738777511631
parking,34.00678929091291,-118.47534403695494
fuel,34.17203421375095,-118.53562192261974
fuel,34.171905374339,-118.53529023857722
fuel,34.17237960020556,-118.46584012411762
fuel,34.17205306164183,-118.51813145985977
fuel,34.17187230982045,-118.51820312236912
fuel,34.17185170533086,-118.51893420355265
fuel,34.18629213939382,-118.55307635747353
fuel,34.24975605,-118.46781439999998
parking,34.179715797087006,-118.40579940321808
fuel,34.280269323047904,-118.45441934845358
fuel,34.28022985630681,-118.45454652758937
fuel,34.221943666174596,-118.42908431608514
fuel,34.22203209695993,-118.43240838855445
fuel,34.22132807123857,-118.4140291576714
fuel,34.15725902572085,-118.39691422696077
fuel,34.16460008191113,-118.45710160295462
fuel,34.26433087513702,-118.46783492013212
fuel,34.26491450000965,-118.46783400148827
fuel,34.23581101423328,-118.4745267815145
fuel,34.22161642337442,-118.47687149534764
fuel,34.179416990347555,-118.62298793190067
fuel,34.18627890941904,-118.64236892563801
fuel,34.186106849999994,-118.64245285000001
fuel,34.15191564773723,-118.36110674320555
fuel,34.22884459359734,-118.50223735253424
fuel,34.23549440000001,-118.50217574999999
fuel,34.22109995591534,-118.46743662520599
fuel,34.182062937344924,-118.46524955643609
fuel,34.24777554386574,-118.27923526082229
fuel,34.24696318431736,-118.27657083836144
fuel,34.1823371,-118.44913280000002
fuel,34.142533244315445,-118.4055010212576
fuel,34.17229597518584,-118.60622869404393
parking,34.173368,-118.60760305000001
parking,34.17320277595248,-118.60760233601889
fuel,34.21378065,-118.44833259999997
fuel,34.187257940298984,-118.60625647026885
fuel,34.17911212013639,-118.39692091588455
fuel,34.151292355642276,-118.44906118709683
parking,34.02188275885873,-118.46371617535326
fuel,34.12647168984096,-118.05445308109262
fuel,34.12855100000001,-117.86343284999998
fuel,34.40355964568559,-118.45982308639671
parking,33.87189863081392,-118.04591449658676
parking,33.872619007001994,-118.04577024433297
fuel,33.78921896455937,-118.31977150014974
fuel,33.78935115,-118.319683
parking,33.77431134579449,-118.17936542576948
fuel,33.775589524761024,-118.18042189649903
parking,33.77326635917487,-118.18846518020501
fuel,34.55579056640618,-118.04471683577091
fuel,34.55868305,-118.0457517
fuel,34.55843532683839,-118.04469044490305
fuel,33.902474563175765,-118.26495856858247
fuel,33.89496069999999,-118.37911980000001
parking,33.919415375167645,-118.41683267575783
parking,34.69748409751715,-118.14514614137791
parking,33.790208558260545,-118.1802256140386
parking,33.79022334589568,-118.17873287866183
fuel,33.81624877105644,-118.37727442339072
parking,34.03205723043011,-118.29105840235319
fuel,34.0407539,-118.17173625000001
fuel,33.9451061010186,-118.36961161666534
fuel,34.03637388185676,-118.47741091814154
fuel,33.78829090339614,-118.10752448734073
fuel,33.84703294093603,-118.1943765645101
fuel,33.7755248,-118.15431305000001
fuel,33.775522,-118.15274739999998
fuel,33.847248141823094,-118.16709531275347
fuel,33.846794178739735,-118.12465379362051
fuel,33.7824246357042,-118.1854362750579
fuel,33.84683397556318,-118.16034178870912
fuel,33.81090901554583,-118.11681495866246
fuel,33.775504000000005,-118.14997710000002
fuel,33.86066756933491,-118.14206167932922
fuel,33.854128775061525,-118.16025039565325
parking,33.78931463878333,-118.14455066069293
fuel,33.78829764819636,-118.12473092001287
fuel,33.788175155722435,-118.1244421532819
parking,33.806699636851185,-118.18784758250698
fuel,33.831387,-118.28203550000002
fuel,33.84666380270131,-118.16708382501966
fuel,33.80359295,-118.14222854999998
fuel,33.86592348170489,-118.34342126100447
fuel,33.916132250000004,-118.32628500000001
fuel,33.87260764982101,-118.37301674953359
parking,33.7916033477645,-118.33187083893762
parking,33.813084678635626,-118.34853143708068
parking,33.81114379560181,-118.34321129263613
fuel,33.90156098855463,-118.30067371694958
fuel,33.90169752860091,-118.30835350612702
fuel,33.90167032492563,-118.34423545397686
fuel,33.90228224912214,-118.34416028873214
fuel,33.80818372425893,-118.35811566249579
fuel,33.81314472498317,-118.32771449215196
fuel,33.83085268662082,-118.34452867335433
fuel,33.82143293138374,-118.3280741860881
fuel,33.8310022047752,-118.32817174880581
fuel,33.9524847,-118.36179049999998
fuel,33.9457881,-118.34428360000001
fuel,33.90155057807339,-118.35312749479566
fuel,33.8915835844203,-118.30068718077187
fuel,33.87253458002575,-118.38133077858727
fuel,33.85406530634727,-118.38153216467907
fuel,33.80741192576039,-118.35812052623277
parking,33.83575935476601,-118.3492794949131
parking,33.794378878062645,-118.34835947554804
parking,33.799028835544256,-118.35028412852816
parking,33.83885777117673,-118.35608597497222
fuel,33.77904965766844,-118.39173043501651
fuel,33.83781624387501,-118.36639774804077
parking,33.82908150139883,-118.37471720171838
fuel,33.96211200389287,-118.35378717526838
fuel,33.835997974815,-118.3284304103073
fuel,33.836144780881945,-118.32822498638033
fuel,33.79906854603648,-118.35140999945311
fuel,34.140950312731576,-118.37065412994504
fuel,34.140034002019405,-118.3699514669073
parking,33.93841639540838,-118.2533347663249
parking,33.871968105426006,-118.21217943417773
parking,33.87267478614218,-118.21347196738799
parking,34.01228672803636,-118.35225734634069
parking,34.199776673697876,-118.60062148444761
parking,34.20025555813001,-118.59994680647708
parking,34.201710422128244,-118.6025111282048
parking,34.19993907372166,-118.60312098000817
parking,34.20015305550287,-118.60395599678974
parking,34.20061303279463,-118.6050708043685
parking,34.201459806134814,-118.6037131376548
parking,33.85331523204728,-118.14075637504905
parking,33.853351483825264,-118.14166131474404
parking,33.853441328871796,-118.14374740721442
parking,33.85301590944163,-118.14355099173633
parking,33.85276423819981,-118.14284398549671
parking,33.851117152825644,-118.14285245831498
parking,33.85080417398441,-118.14358275444661
parking,33.85133530647612,-118.14397039283408
parking,33.85068308306575,-118.14501502215514
parking,33.85010959798378,-118.14451923310264
parking,33.84980892390146,-118.14350496362857
parking,33.849233789220186,-118.14286061408073
parking,33.848763051712154,-118.14374091868949
parking,33.84877417953033,-118.14334574845788
parking,33.84777949839582,-118.14361464714433
fuel,33.923970190723225,-118.15245384730113
fuel,33.92366624427205,-118.15178384573784
fuel,33.94033101431954,-118.15364936261402
fuel,33.932087450000004,-118.13822895000003
fuel,33.94679697895196,-118.1497911211992
fuel,33.90317883574905,-118.21596252536064
fuel,33.924504995590894,-118.15217491357286
fuel,33.93520076466351,-118.1438221536764
fuel,33.882322800000004,-118.14292635000001
fuel,33.88895262470298,-118.14241438031041
fuel,33.943885769923064,-118.13749202075157
fuel,33.91749757492913,-118.07308532231653
parking,33.941916806076335,-118.13360046841352
fuel,33.88172586035338,-118.15092747509756
fuel,33.979801328883994,-118.12798003857104
fuel,33.87835390841914,-118.08275972768656
fuel,33.9034708470561,-118.14253816559851
fuel,33.99533342472197,-118.14223487569159
fuel,33.9167596,-118.13737524999999
fuel,33.9176218,-118.01141885000001
fuel,33.951444311092125,-118.0965691833974
parking,33.94208289003936,-118.11328879179536
fuel,33.92467214727202,-118.02439635224466
fuel,33.89588041949161,-117.98707164660532
fuel,33.9094156256114,-118.07616518229169
fuel,33.88950089213798,-118.1605156528716
fuel,33.96705523465837,-118.11634562995135
fuel,33.959462341519895,-118.11125793268762
fuel,33.92586973861354,-118.10542045184741
fuel,33.896808180087696,-118.15170043508307
fuel,33.93268740720701,-118.11730092335881
fuel,33.88896667500337,-118.15965549307518
fuel,34.00235058335061,-118.16663968316867
fuel,33.88522324847182,-118.1771504962494
parking,33.951470564868565,-118.16035900033924
fuel,33.988923005891934,-118.2299063750614
fuel,33.988887131304786,-118.23064132116299
fuel,33.87311601352357,-118.11684275678856
fuel,33.995963350000004,-118.1480255
fuel,33.91745055603739,-118.04622892907621
fuel,33.9173663,-118.05478519999998
fuel,33.93068811173475,-118.21205276915867
fuel,34.007096366083466,-118.1621674494676
fuel,33.88833535583842,-118.02848002650535
fuel,33.87367835604052,-118.01349576774317
fuel,33.9173780114676,-118.1344925061221
fuel,33.90195847868569,-118.26488703399146
fuel,33.87875585,-118.14296885000002
fuel,34.03775422404936,-118.09309578127379
fuel,34.04141194895287,-118.09229208204083
fuel,33.88883713379856,-118.18228740109058
fuel,34.033239675861324,-118.74391866519161
parking,33.93198593615872,-118.10828255937561
parking,33.93030819624212,-118.10975757059785
parking,33.95209753692669,-118.1372087067768
parking,34.10621179359199,-118.13407617682216
parking,34.0057888337324,-117.80877873441592
fuel,34.144860568825756,-118.76208695066191
fuel,34.145459496534315,-118.7805883426113
fuel,34.145246839947276,-118.69833572099542
fuel,34.144863125152284,-118.69836074010105
fuel,34.15647663664894,-118.7953936344206
fuel,34.15653530980804,-118.79498990971761
fuel,34.15673123328546,-118.79496959445429
fuel,34.148513506903406,-118.78179357511905
parking,34.120422691974895,-118.29580492175543
parking,34.14881106563551,-118.14120573239879
parking,34.0825552279879,-117.91874789757888
fuel,34.14600407322816,-118.08665781273683
parking,34.14710006069964,-118.08631110972075
parking,34.13255680835574,-118.12672967315707
parking,34.15948880453541,-118.13316899253671
parking,34.00889895,-118.24720835000001
parking,34.008972377086224,-118.24891855022042
parking,33.91988455782288,-118.12265138297008
parking,33.919665255111894,-118.12497826849685
parking,33.96640977127436,-118.13395184443654
parking,34.00686373683862,-118.26689391909174
parking,33.99053378003993,-117.95045530685968
fuel,34.090772599999994,-117.71957220000002
fuel,34.10736367233597,-117.73949714472816
fuel,34.11571476127345,-117.77333118272223
fuel,34.1073092,-117.73643399999999
fuel,34.115827167755654,-117.77367621094696
fuel,34.07618342479086,-117.75253585540668
fuel,34.1189650632281,-117.78308167906685
fuel,34.08963293154121,-117.74979834907987
fuel,34.09107065,-117.74918670000002
fuel,34.10679904421887,-117.73640227608377
fuel,34.07850608901264,-117.74243543277382
parking,34.09426142616706,-117.72033008818723
fuel,34.12981156350538,-118.02780547817171
fuel,34.10689824734377,-117.86350637487685
fuel,34.061470650000004,-117.94671455
fuel,34.10690187497892,-117.846728569116
fuel,34.1070508995276,-117.82935831664994
fuel,34.11353537497614,-117.82841621468533
parking,34.0696478099822,-117.93246289662753
fuel,34.13395405344727,-117.92459772478382
fuel,34.03112722833505,-118.00821466049182
fuel,34.04317583398029,-117.84840529015464
fuel,33.96771555,-117.84785054999999
fuel,34.11590301322483,-117.83385707486566
fuel,34.10644099327227,-117.89060996241636
fuel,34.10653672507346,-117.89859286934131
fuel,34.106460675074835,-117.84675520687482
fuel,34.09167686161966,-117.8728819750178
fuel,34.12281419999999,-117.87238785
fuel,34.13396676472842,-118.00059062120742
fuel,34.051487349999995,-117.99907545
fuel,34.05143235,-118.00003199999999
fuel,34.06951878103035,-118.12266688079481
fuel,34.151265450000004,-118.03209505000001
fuel,34.0252874,-117.83656255
fuel,34.13326522925689,-117.90469656668293
fuel,34.07954805688117,-117.9885931230711
fuel,34.16092422011477,-118.0525854379002
fuel,34.16213794811309,-118.05226459305786
fuel,34.08711927646105,-117.93453945554268
fuel,34.069616066354726,-117.97910870173422
fuel,33.999783983458265,-117.8436085276651
fuel,34.15096115358561,-118.01887630270329
fuel,34.021992051339545,-117.81041243603369
fuel,34.1321590076444,-118.05474775284138
fuel,34.13202308582898,-118.05493677189332
fuel,34.02007662719013,-117.809866861788
fuel,34.12705327512707,-117.88986325348581
fuel,34.1161678,-118.15280525
fuel,34.18293646588345,-118.31951870980836
fuel,34.20537439999999,-118.19988625
fuel,34.17272611979899,-118.2788270483565
parking,34.14897259383407,-118.24733033684687
fuel,34.1428871,-118.2415251
fuel,34.201106949999996,-118.19231375
fuel,34.16478309490935,-118.34513099566428
parking,34.18184657811995,-118.30639934426752
fuel,34.19180845,-118.3250174
parking,34.181209041348026,-118.31065655823117
fuel,34.169491902916526,-118.30556752646686
fuel,34.4153776,-118.54179445000001
fuel,34.416837714274955,-118.45618170590461
fuel,34.37859420076458,-118.55608095802395
fuel,34.37876827380286,-118.5539721609737
fuel,34.43729616937854,-118.53234364853489
fuel,34.433645483172064,-118.53116518683773
fuel,34.379090249100194,-118.55790786525534
fuel,34.621598334094415,-118.41415220276413
fuel,34.378795849999996,-118.56368545
fuel,34.49586469284358,-118.62555750511352
fuel,34.39223668636571,-118.47042293208247
fuel,34.378710299999995,-118.56685385
fuel,34.37891224999999,-118.56730420000001
fuel,34.4964236146052,-118.62214322021711
fuel,34.38052975,-118.5336491
fuel,34.41672335192998,-118.44765640711418
parking,34.41650608004074,-118.56092052286313
fuel,34.42656868235573,-118.42336179137774
fuel,34.426558647011994,-118.42402812527541
fuel,34.423847750953435,-118.42405924838027
fuel,34.378045291030745,-118.56216822210861
fuel,34.3780568259617,-118.5629959684143
fuel,34.431954196961705,-118.59010201699198
fuel,34.42077485482922,-118.58474056299536
fuel,34.432572069098,-118.59118822671006
fuel,34.68929002501455,-118.11303578737149
fuel,34.67547250931347,-118.11186029712627
fuel,34.674667500000005,-118.16315549999999
fuel,34.602831912522866,-118.18636408479475
fuel,34.66127095,-118.12292765000001
fuel,34.65263995,-118.2182694
fuel,34.70447203988996,-118.1130968472221
fuel,34.65998751864038,-118.2097031095184
fuel,34.66054820000001,-118.20519524999999
fuel,34.67537976166341,-118.13055848460226
fuel,34.61683772490648,-117.82654356254751
fuel,34.6088236747897,-118.14652289666756
fuel,34.49339254136912,-118.19938992272525
fuel,34.49263374749182,-118.19883707189508
fuel,34.58794388733005,-118.14789855170764
fuel,34.582792339561,-118.13623878131467
fuel,34.58235788363259,-118.13668279946373
fuel,34.57969945,-118.11622814999998
fuel,34.57936591706316,-118.11213561830749
fuel,34.58014434119478,-118.12911340867514
fuel,34.70370808266892,-118.1663924551024
fuel,34.579541065160434,-118.12916438129304
fuel,34.57936978259364,-118.12125287529344
fuel,34.55766583359949,-118.08431958416637
fuel,34.57990339999999,-118.08554955
fuel,34.79404332672336,-118.85196902448943
fuel,34.796138887312466,-118.85306428457437
fuel,34.81722009720532,-118.88673222511632
fuel,34.49081000000001,-118.1977578
parking,33.90192005117344,-118.0707939322277
parking,33.928365376100444,-118.19806921613095
parking,34.0082199190164,-118.4783742766646
fuel,34.1771087417238,-118.31849960778162
parking,34.412676966231714,-118.55300993752802
fuel,34.4445890577075,-118.55289754733799
parking,34.37694941611552,-118.56537574854568
parking,34.37764311976133,-118.56651970738376
parking,34.139770710215984,-118.26659322319298
parking,34.14007394260833,-118.26673922543779
parking,33.751132923031726,-118.30798541391256
parking,33.76679972093006,-118.37231329926409
parking,34.35138553875017,-117.93425809767636
parking,34.17040907891114,-118.53544809835736
parking,33.85719597545961,-118.37830536870408
parking,33.85622748244992,-118.37802157012874
parking,34.10207167742281,-118.30570093663408
parking,34.1021492494521,-118.3052014559618
parking,34.10235969242558,-118.30591689613567
parking,34.10237241673859,-118.30547518086749
parking,34.10783611257216,-118.27145647114573
parking,34.10737339049043,-118.27162265581282
parking,33.8548013110411,-118.37134891434941
parking,34.24041718735104,-118.26743847676832
parking,34.137308250000004,-118.2553778
parking,34.13625721365002,-118.25550875440867
parking,33.79814188977125,-118.3385387866476
fuel,33.905928149999994,-118.42102675000002
parking,34.03980157582177,-118.46372404840568
parking,34.03932476561173,-118.46437318470501
parking,34.14375342200723,-118.70305021998816
parking,34.143647398276954,-118.70239077379843
parking,34.14350133558868,-118.70241915051083
parking,34.049871400793045,-118.17663288248266
parking,34.20554387917863,-118.20423532492819
parking,34.24211455736601,-118.55887000248619
parking,34.24236815063436,-118.55717970163533
parking,34.24147794846863,-118.55617474694107
parking,34.24169164503656,-118.55506522288808
parking,33.75164721008601,-118.39466423306476
parking,34.16619577652223,-118.21783991995792
parking,34.166083992095885,-118.21785333337003
parking,34.160651314315466,-118.0688449167069
parking,34.08963180970983,-118.37673755854685
parking,34.08896357133122,-118.37804830625306
parking,34.19807329256643,-118.3409229035526
parking,33.79322983706877,-118.33559825208711
parking,33.7930195496781,-118.33536174428623
parking,33.792808914327395,-118.33458262625687
parking,33.79202254433754,-118.33407302200568
fuel,34.06584966799532,-118.16547020206274
parking,33.76745516113769,-118.3917116317397
parking,33.95887817793459,-118.43081031001381
parking,34.03978809924238,-117.86133347971719
parking,33.80199320640307,-118.3968774502039
parking,33.80155060616129,-118.39708423463327
parking,33.92508093777062,-118.4023850257379
parking,34.0904187485651,-118.375164167051
parking,33.8948302683384,-118.38423129345517
parking,34.4339028245856,-118.55684424988002
parking,34.162307576920185,-118.1514091281955
parking,34.123080478651644,-118.26984162670651
parking,33.9598192165906,-118.22238450438637
parking,33.95561803649217,-118.21268678910802
parking,34.15062043207927,-118.06899854017782
parking,34.26853912247295,-118.4370723397495
parking,33.93319565520587,-117.98445498771619
fuel,34.14975082290502,-118.14106225514425
fuel,33.87343022974724,-118.07293853390871
fuel,33.87361896583943,-118.0468840275222
fuel,33.85834835693898,-118.04663488010961
parking,33.80239950053408,-118.14844559472166
parking,34.04755765593639,-118.44358435115485
parking,34.01952428466533,-118.49089814497205
parking,34.01919383049982,-118.49052305209105
parking,33.84625372738799,-118.11585173565578
parking,33.846630698127214,-118.11595237001245
fuel,33.85800030443303,-118.099182234884
fuel,33.85871269247965,-118.09918832466853
fuel,34.048955156064096,-118.4412171238586
fuel,34.04805165333423,-118.44425564439685
parking,34.174756185776616,-118.3046922364443
parking,33.716058143564474,-118.3152906255199
parking,34.02003248634594,-118.4221282014366
parking,33.92473885,-118.15255925000001
parking,33.92391460824358,-118.15120927555775
parking,34.209001558158974,-118.53563934686468
parking,34.124326280535726,-118.22160802685237
parking,33.813290897182654,-118.34633843033787
parking,34.416262473469764,-118.50750652708172
parking,34.414734743882576,-118.50696645811816
parking,33.779784067786615,-118.19069891195267
parking,33.77945304544085,-118.19000033606609
fuel,34.14781479347433,-118.2351885330211
fuel,33.80372422747339,-118.1422346213555
fuel,33.802962613591255,-118.14315258246216
parking,33.91408850235372,-118.39200664555743
parking,33.91467964175783,-118.3910846486502
parking,33.913317154508434,-118.39274268951077
parking,33.912094684577916,-118.3921922555939
parking,33.91083726478944,-118.39058690438522
parking,33.91081730960555,-118.3876409303567
parking,33.9114606226724,-118.3865393956291
parking,33.91204764838275,-118.38604601469477
parking,33.91445767069432,-118.38756542380945
parking,33.914900133759936,-118.38807002978936
fuel,34.23237285908955,-118.56187697165649
parking,33.831109051196435,-118.29307610015259
fuel,34.20007712801642,-118.19120370257738
parking,33.975519097929016,-118.42841842696654
parking,34.149965249999994,-118.0725608
parking,33.970401806130795,-118.42559944641815
parking,33.9770194715676,-118.4162252121568
parking,33.9761695298257,-118.41777721251415
fuel,34.21848468666396,-118.23096097511099
parking,34.15808947191257,-118.14070430287144
parking,34.57538944255687,-118.04675503310622
parking,34.16906898906044,-118.64245797824115
parking,34.16935278418966,-118.64150149593424
parking,33.903881518661194,-118.34346756282687
fuel,34.1627767902667,-118.51806202964143
fuel,34.159076223742886,-118.50188362284194
fuel,34.08244155289398,-117.7196061751707
parking,34.03613435920468,-118.4783693546811
parking,34.037539433768956,-118.4769180646904
fuel,34.36804003231979,-118.50938395508784
fuel,34.36566441600163,-118.5069615429292
fuel,33.91673998463698,-118.34426128554782
fuel,34.25695576494065,-118.60566563393647
parking,34.180175078174045,-118.53739833941086
parking,34.15374418943702,-118.14087709993935
parking,33.952886711426515,-118.18770687059975
parking,33.95298483546951,-118.18461821250455
parking,34.05820545869686,-118.28994146567769
parking,34.05846178781966,-118.29111113869274
parking,34.05800868293635,-118.2883847700565
parking,34.058019153449344,-118.25483155315662
fuel,33.850640791423295,-118.13565819774713
parking,34.202020132968705,-118.53700947100681
parking,34.60058923517146,-118.14470039162829
parking,34.100612330070234,-117.76933545515436
parking,34.10139774514263,-117.77094556090348
parking,33.725176897211554,-118.27864723748517
parking,33.724172710340575,-118.27814173149208
parking,33.72302183709395,-118.27767143422834
parking,33.7381286996675,-118.28662569695959
parking,34.165989909364214,-118.3793217934406
parking,34.23307730375756,-118.23526485191407
parking,34.19423528836531,-118.44472383475812
parking,34.19316300589933,-118.54871904842926
parking,34.193021109936296,-118.5481030431775
parking,34.103423976489466,-118.3384710257022
parking,33.86995505348236,-118.12484996339711
parking,34.672839950427,-118.14614865119422
parking,34.671849323888175,-118.14732356077288
parking,34.67323796266959,-118.14703700908454
parking,34.14462546228335,-118.699629262093
parking,34.05992993246606,-118.23714015348892
parking,34.09715284433501,-118.81391920365303
parking,33.84423338816572,-118.38737278591292
parking,33.894187524803115,-118.39669381098689
parking,34.12810633517196,-118.50274576116296
parking,33.88769083243667,-118.39655433723989
parking,33.9014365250948,-118.39668468377674
parking,33.90125153453359,-118.39673601750397
parking,33.901603700907316,-118.3967439390025
parking,33.88761542581916,-118.39446882750445
parking,33.88765220346171,-118.39502843013517
parking,33.88861943504035,-118.39519019072442
parking,33.885384242320164,-118.40791042998882
parking,33.975402992306435,-118.20839108883506
parking,33.97222639554785,-118.20397963763358
parking,33.973132557005954,-118.20488180004288
parking,33.975888630372445,-118.20669072987349
parking,33.97300411271815,-118.20548288714889
parking,33.97268934906289,-118.20660024651767
parking,33.86938208348654,-118.05794224798298
parking,33.86987210427999,-118.05951585359715
parking,33.87232963870477,-118.06022505455276
parking,33.87119555325394,-118.06137591241024
parking,33.87128699243505,-118.0628961756952
parking,33.87249027180317,-118.06300007478082
parking,34.10454780491687,-117.8227474884821
parking,34.174447601609714,-118.29912456843935
parking,33.74917838237145,-118.4071072503683
parking,33.79030063739206,-118.32885721767393
parking,33.79079776351785,-118.32932591879324
parking,33.79029325863372,-118.33025212247962
parking,33.79094099078111,-118.33104568056926
parking,33.79167908813709,-118.33118337539801
parking,33.79208064981092,-118.32990073706999
parking,34.127627505468496,-118.09041559213053
parking,33.90155675307439,-118.37957543475349
parking,33.863335798048,-118.3920961016363
parking,33.86367669286178,-118.39213744604984
parking,33.85221993648724,-118.35309279530945
parking,33.81832165490029,-118.38585373980719
parking,33.987949757515075,-118.39213895151128
parking,33.98733736595776,-118.3935218428823
parking,33.98610972144194,-118.39513120159201
parking,33.98680018830967,-118.39440146689988
parking,34.151544387826654,-118.35200359868078
parking,33.94909522675985,-118.00565991433264
parking,34.01962856896504,-118.42216541759136
fuel,34.12380424673332,-118.22064419789359
parking,34.02214056989633,-118.43760748650143
parking,34.05374764306139,-118.46727236128592
fuel,33.80799906948379,-118.33382943972043
fuel,34.18722345712447,-118.60201737910732
parking,33.86452032460224,-118.3654088123025
fuel,34.026463321719426,-118.40893476546658
fuel,34.03020417934025,-118.40228501582837
fuel,34.031692091512234,-118.40012866920624
fuel,34.03159619885973,-118.39118216164458
parking,34.150477923429605,-118.2452201160554
parking,34.149768292072444,-118.24543887944469
parking,34.14984730174387,-118.24516790602686
parking,34.10561624566658,-118.31740017191164
parking,34.15537523491012,-118.25464089531198
parking,33.82777954603111,-118.14192678457934
parking,33.82714535936171,-118.14520873553013
parking,33.825523163809834,-118.14422944106789
parking,33.825735739655656,-118.14334481064638
parking,33.82639732798403,-118.14375703522245
parking,33.829644162952185,-118.14353778511645
parking,33.8294669440804,-118.14585449466107
parking,33.830125619269204,-118.14534611858966
parking,33.82801473372969,-118.14697882469531
parking,33.82885121857895,-118.1471613888275
parking,33.82923438670291,-118.14823758105962
parking,33.82822765732636,-118.14824295933653
parking,33.82715956801805,-118.14822426708423
parking,33.8255150559519,-118.14870399494805
parking,34.12137180058991,-118.2970288160554
parking,34.67400270176869,-118.14989886930302
fuel,34.645412900000004,-118.14824335
fuel,34.646189162852444,-118.14811307510017
parking,34.14655772778141,-118.25035113383815
parking,34.18143065594017,-118.46853031488438
parking,34.18036047442557,-118.44675952212421
parking,34.11788273571213,-117.7384721163063
parking,34.02835771548687,-117.75864855645976
parking,34.028617006111965,-117.76034456726046
parking,34.13752557472422,-118.00880344784085
parking,33.94154563657962,-118.13412559351029
parking,33.99597195072329,-117.81046791785845
parking,33.99571058134887,-117.8116337755793
parking,34.020668030410704,-117.81085751859072
parking,34.016092387806985,-117.80753439472267
parking,34.05379172456912,-117.75941845666613
parking,34.05310370187739,-117.75935994408539
parking,34.0525933877337,-117.75891999754204
parking,34.05335329508874,-117.77303357175184
parking,33.730387217587634,-118.33986062894232
parking,33.788734312426236,-118.41046926130386
parking,34.08700563072611,-118.34941931199347
parking,34.104637149999995,-118.71419929999999
parking,34.00166854157639,-117.80979940482939
parking,34.00203712205663,-117.80880945325409
parking,33.88959262179386,-118.39664268070291
parking,34.00033340873499,-117.81224841579048
parking,34.00033340873499,-117.81224841579048
parking,33.997267346413416,-117.81366834953894
parking,33.99998128742754,-117.84533530427726
parking,33.99998128742754,-117.84533530427726
parking,33.99897149766125,-117.84475562718039
parking,33.99828153106049,-117.84366618629971
parking,34.00007255863801,-117.84286658485023
parking,34.00007255863801,-117.84286658485023
parking,34.00059990541911,-117.84304447441693
parking,33.999590413439975,-117.84689518119521
parking,33.99946812849337,-117.84771391629477
parking,34.3503461792532,-117.92525404536568
parking,33.75718157214443,-118.11186192818342
parking,33.98656206375831,-117.86901724849508
parking,33.986790187591254,-117.86930326620404
parking,33.98593414803792,-117.87097188340029
parking,33.83118171788814,-118.14464250338888
parking,33.98770994570141,-117.86962500722909
parking,33.98946875,-117.88048629999999
parking,33.768224268896844,-118.2579001771465
parking,33.768279826964005,-118.2579927483452
parking,33.76819105562062,-118.25774844469461
parking,34.02024786129141,-117.80737460417981
parking,34.02505740303274,-117.80273310212151
parking,34.02525451753919,-117.8019762432522
parking,34.02419821868361,-117.80114738020156
parking,34.02167885906133,-117.81784454523502
parking,34.03559803704157,-117.8057267673559
parking,33.829289642813045,-118.32907720662556
parking,34.02817763390267,-117.81036014708059
parking,34.704650297362726,-118.16663694681908
parking,33.99888124533147,-117.81267503448517
parking,34.20980024575888,-118.48326811462329
parking,33.85329538380108,-118.10355469168742
parking,33.83444796217313,-118.34929123895657
parking,33.826161899389135,-118.18887199559599
parking,34.672161371590995,-118.15102705247503
parking,33.834552137574846,-118.35211792168619
parking,34.417595058257476,-118.50389722081006
parking,34.101974964999116,-117.76847841812922
parking,34.10156128608437,-117.768818169543
parking,34.10181405,-117.76940875
parking,34.10205820000001,-117.76934715
parking,34.10161748140562,-117.76903008298191
fuel,34.059107697221464,-118.38330569456603
parking,34.113041069995866,-117.76634482652472
parking,34.10340935398118,-117.76847194135371
parking,34.20613656441455,-118.23083592111021
parking,34.20557191871505,-118.22926790001628
parking,34.20490996062726,-118.22624370276966
parking,34.20468531200902,-118.22592346323657
parking,34.10140371339525,-117.77020592308443
parking,34.09977251251989,-117.77016807061479
parking,34.098565550000004,-117.77058835000001
parking,34.09873756046095,-117.77012509968432
parking,34.098982441508795,-117.76977272999214
parking,34.098527508145935,-117.76981191302018
parking,34.099547582771685,-117.76946043272335
parking,34.09958087691363,-117.76889102153783
parking,34.09791855878031,-117.76984420591512
parking,34.14616930151392,-118.28359563906356
parking,34.20956842575339,-118.23733357441927
parking,34.210197594290484,-118.23685925329592
parking,34.10203309926219,-118.29927472780008
parking,34.101951519282316,-118.30331664176859
parking,34.101964656432195,-118.30369922322149
parking,34.20972416649925,-118.22831595359297
parking,34.20385266359446,-118.22785260652384
parking,34.20338888793036,-118.22597661270858
parking,34.204762374006386,-118.22487302345073
parking,34.20401557900608,-118.2017540176532
parking,34.19904991245059,-118.18886724107647
parking,34.19875360110428,-118.18893389079078
parking,34.19994914055427,-118.19192551902759
parking,34.22284537565499,-118.19092821521484
parking,33.898263623807495,-118.3947968983384
parking,33.90126512660784,-118.39394518205269
parking,34.036501722281415,-118.096880358553
fuel,34.036125542164655,-118.10329642069568
parking,34.08704575488745,-118.14914185744902
fuel,33.757796580028305,-118.11054091110589
fuel,33.93065984459651,-118.29294237932642
parking,33.74489012095065,-118.41025401436072
parking,34.253459007097995,-118.28457128332903
parking,33.923007476884436,-118.32156217251176
parking,34.30376799094337,-118.25817681303275
parking,34.02781998437853,-118.28852806754254
fuel,34.27441943674493,-118.55615280788128
parking,34.13881173920976,-118.26504897080777
parking,33.86165719804556,-118.1108415087142
parking,33.858772279464425,-118.11600882313338
parking,34.25994322110108,-118.31550000381296
parking,34.26005284500895,-118.32365564589486
parking,34.795801822856866,-118.85175749604254
parking,34.79559548934418,-118.85023123952453
parking,34.79671803587572,-118.85294360586964
parking,34.79661953865611,-118.85241740297504
parking,34.79414853642211,-118.85267206368306
parking,33.91593542487919,-118.01248151966347
parking,34.026011057707684,-118.4329055712229
parking,34.02002849247579,-118.48379694065606
parking,34.01958182031594,-118.4852265169998
parking,34.01964424553578,-118.48503506341181
parking,34.01863926516881,-118.48530111530322
parking,34.01767770371455,-118.48676016368763
parking,34.01573283576975,-118.49015163548283
parking,34.01519066739252,-118.49235155093457
parking,34.0174213087151,-118.49581317739006
parking,34.05325798641977,-118.4447408847251
parking,34.13302753129056,-118.21751676521569
parking,34.13356487788566,-118.21734343098018
parking,34.133442166349354,-118.21685718544467
parking,34.13283849964501,-118.21647050275799
parking,34.13912006435411,-118.21575221611181
parking,34.13787716466633,-118.21348057815125
parking,34.13263302065932,-118.21572198773532
parking,34.13294003843483,-118.21561696837618
parking,34.15172233209832,-117.74593545471893
parking,34.09757484630074,-117.7835304106255
parking,33.93662207395058,-118.1228656468931
parking,33.93757861248184,-118.12222682367185
parking,34.413518284416796,-118.55698810078201
parking,33.909442468917895,-118.00254421593432
parking,34.167552761484856,-118.28390547750004
parking,33.857947279672565,-118.10736483183501
parking,33.85904744109257,-118.10746310496089
parking,33.858605593241734,-118.1080004724449
parking,33.85705192451415,-118.11628892114491
parking,33.7649213116296,-118.20244030106046
fuel,33.964435127755706,-118.04593371119384
parking,34.235453539961284,-118.48543894287829
fuel,34.57944038101099,-117.9691220924828
fuel,34.57940183156551,-117.96026175419752
fuel,34.158590592440326,-118.2498582208722
fuel,34.15771354795622,-118.26373705540989
fuel,34.155139630208204,-118.26486829617978
fuel,34.15882040856422,-118.25823575547825
fuel,34.15820557694743,-118.25836431674377
fuel,34.16496191663538,-118.23267388158365
fuel,34.16082893161088,-118.23660844544098
fuel,34.15923365816451,-118.2399939622925
fuel,34.15632175452893,-118.24135736752741
fuel,34.14299764661454,-118.23378369442162
fuel,34.142376681287196,-118.23428798659648
fuel,34.146550401297276,-118.26375471265466
fuel,34.14543613604617,-118.22853862491662
fuel,34.142778178562416,-118.2639271659693
fuel,34.14278654660428,-118.26463533838044
fuel,34.14839475585642,-118.24597483882107
fuel,34.204535870074,-118.22385370226284
fuel,34.20494228437836,-118.20063500917
fuel,34.201234783374055,-118.19230397735686
fuel,34.1999902858076,-118.19121192172095
fuel,34.54301722727024,-118.03124655286975
fuel,34.18285114758721,-118.15125887666373
fuel,34.183581645943725,-118.15126292563406
fuel,34.152685290507165,-118.15011040580558
fuel,34.123268929541176,-118.2540691850647
fuel,34.129069257396054,-118.25741236520294
fuel,34.115716323585026,-118.26251844567828
fuel,34.138827214758216,-118.21461574507948
fuel,34.13950985734314,-118.21438150191571
fuel,34.1395711340853,-118.208464630089
fuel,34.137831795918736,-118.18720800093622
fuel,34.13192617958258,-118.21662134279863
fuel,34.119708244818185,-118.19892929689058
fuel,34.1155722812314,-118.18479675232403
fuel,34.160105754786755,-118.26396048939787
fuel,34.16871940855813,-118.28577623678026
fuel,34.17682219339644,-118.2968855788325
fuel,34.181058659531274,-118.30374744957639
fuel,34.18211696877643,-118.30432583726069
fuel,34.18316312032968,-118.30574985385181
parking,34.16101058434434,-118.23648175770643
parking,33.383298888610604,-118.47241139861734
parking,33.91676392533463,-118.16868729812636
parking,34.28362627817258,-118.44335643539289
parking,33.7787233282343,-118.4155400887734
parking,33.7796786728601,-118.37292174948902
parking,33.779652293052585,-118.37365622090836
parking,33.777247897040134,-118.37392998990902
parking,33.77093088398787,-118.37157945727692
parking,33.7783745,-118.3105253
parking,33.83060619735072,-118.150488661729
parking,33.82368668898272,-118.14345638043643
parking,33.75991621562265,-118.39489904681092
parking,33.760967811505395,-118.39446619808524
parking,33.77191185828202,-118.38358765928689
parking,33.77211822054958,-118.38427799478549
parking,33.76639202125416,-118.38151103579182
parking,33.76722193180413,-118.3742474981758
parking,33.76756404550603,-118.37586628187827
parking,33.76888246456435,-118.37905515079369
parking,33.77145952505451,-118.40258597478389
parking,33.79042810110325,-118.3940775976712
parking,33.80129512225881,-118.40126057024092
parking,33.80182087962162,-118.39907955753998
parking,33.850928670596254,-118.13352778462252
parking,33.84906820300365,-118.13267028876548
parking,33.84815650282337,-118.13337072894525
parking,33.78851517709929,-118.37635791486913
fuel,34.153128870689905,-118.34043497311151
fuel,34.42403200534598,-118.42323768206384
parking,33.72967179352391,-118.3490531619246
parking,33.73810068725293,-118.34847777901965
parking,34.09936621665944,-118.2911832426537
parking,33.74338281243899,-118.37975902752946
fuel,34.11166840407144,-118.2871371776143
parking,33.79522430946134,-118.3293189869318
parking,33.94315428063969,-118.1114844412735
parking,33.941821848605514,-118.11223445347463
parking,33.94172844060876,-118.12174109090451
fuel,33.93866921540401,-118.12178462720716
parking,33.94005898438722,-118.12974347310634
parking,34.57951171213359,-118.12794100611717
parking,33.94481214719155,-118.22891213166812
parking,34.307930491091476,-118.5109452351505
fuel,33.94579099233314,-118.37814095580879
fuel,33.887191714707356,-118.10032659608243
fuel,34.043950963913545,-118.43224383010485
parking,34.02228444991044,-118.43898783037197
parking,34.022587677703264,-118.43947241525575
parking,34.02866797214325,-118.44291864025593
parking,34.02788828437971,-118.44309870814452
parking,34.02738575180517,-118.42920952139959
parking,34.02881380829858,-118.4121045198058
parking,34.02480306870075,-118.41200114592125
fuel,34.050127409457396,-118.43691407742084
parking,34.11598133439841,-118.27042004242654
parking,34.10635857420647,-118.27224603425786
parking,34.10912638352338,-118.27174069026267
parking,34.108505253089184,-118.27125966528871
parking,34.108698504177966,-118.2719727479405
parking,34.108825254820644,-118.2718860022708
parking,34.10857252669777,-118.26985817656333
parking,34.103295389643705,-118.25886475462246
parking,34.10237696055193,-118.25896907755074
parking,33.95351600250981,-118.18604958494977
parking,33.95374277667617,-118.18777166755123
parking,33.95407787246613,-118.18620395004628
parking,33.929404981727814,-118.16220331595979
fuel,33.92926530589977,-118.16177882439611
parking,33.9484484153267,-118.16383186778788
parking,33.94851519621328,-118.16479854293947
parking,34.14245483097938,-118.28957903584433
parking,34.14312389910984,-118.29007116698726
parking,34.13237438474565,-118.27985618548568
parking,34.15408348144242,-118.28955404222461
fuel,33.95511234214359,-118.37301699625696
parking,34.17367508138648,-118.30155857921217
parking,34.174291874282524,-118.300716260325
parking,34.189380662866654,-118.32766127948274
parking,34.18901205484252,-118.32627122255202
parking,34.184927200187666,-118.32368903202327
fuel,34.18460095692254,-118.32278277257907
parking,33.95325122742661,-118.19883997065851
parking,34.077352229377574,-118.23106796778575
parking,34.04518664876772,-118.46748212929731
parking,34.105431802492234,-118.01645427699223
parking,34.124861827012516,-118.3138331751054
parking,34.12281062236025,-118.31543431471295
parking,34.2659524129415,-118.43910393178034
parking,34.26621251269116,-118.43935942315154
parking,34.266472361827205,-118.43662452763023
parking,34.26673546438646,-118.43626175258082
parking,34.12455460863811,-118.29751987409908
parking,33.94491497905407,-118.16529390338034
parking,33.94509108755698,-118.16578324874625
parking,33.94930125018805,-118.1624919675041
parking,33.949250303667014,-118.16189101676821
parking,33.95045921561775,-118.1620663361942
parking,33.95078216490888,-118.16085445895114
parking,33.95138182377276,-118.15985831339421
parking,33.95238552857464,-118.16167011426292
parking,33.95172674354446,-118.16073551269523
parking,33.94929257051602,-118.16313489323821
parking,33.95000381458192,-118.1634832721715
parking,33.94953890947831,-118.16435009312458
parking,33.950369847338365,-118.16432629639863
parking,33.951405615909415,-118.1633527071396
parking,34.13596404822102,-118.28479019684652
parking,34.220738529493694,-118.3673089247855
parking,34.062716462276356,-118.1323794568305
parking,33.95693124971189,-118.22971880385003
parking,34.06588160134096,-118.23672168666361
parking,33.84496519104375,-118.38515120361004
parking,34.28468732651723,-118.44265863340303
parking,34.281507129586515,-118.43936162174346
parking,33.84544789080425,-118.38707831724912
parking,33.84490136072054,-118.38995062662356
fuel,34.0166510524682,-118.39981145235974
fuel,34.25711110944935,-118.48449264741815
fuel,34.10670527409207,-118.19947784217321
parking,34.105793025410065,-118.20119148279595
parking,34.1099345,-118.19167795
parking,34.082111118539,-118.24974614387017
parking,34.04704381187774,-118.23879381004078
parking,34.35140337270206,-117.93505980688667
fuel,34.21547304999999,-118.4996148
parking,34.19956350821133,-118.57072744274744
parking,33.79204012871582,-118.32907842630631
parking,33.79285175672007,-118.32909036441454
parking,33.793195411717114,-118.32922633064622
parking,34.10937584009421,-118.27089489803441
parking,34.004603237942405,-118.433683420704
parking,34.00383062301039,-118.43399032050313
parking,34.02604090420896,-118.77866599010856
parking,34.02578191250789,-118.7807079930964
parking,34.00309845029597,-118.39854750927438
parking,34.08556386327583,-118.50900039110213
fuel,34.22169509497096,-118.47684055937759
parking,34.09847111747504,-118.20597970903431
parking,34.019686698197035,-118.47011529205264
parking,33.9980589925262,-118.42209612675482
parking,33.841961506339445,-118.36474791764324
fuel,34.017904952000436,-118.29194015342094
parking,33.85062471755611,-118.05830822287786
parking,33.85138722644506,-118.05830834050089
parking,33.85150364878099,-118.06232068391304
parking,33.88324384282712,-118.39643022840635
parking,33.90563959264489,-118.39361936211655
parking,33.90581066178265,-118.39118546209934
parking,33.906786122859735,-118.39076830605931
fuel,34.18076290906428,-118.60620138698631
parking,33.8532063458224,-118.06106282814268
parking,34.13507697456122,-118.36038197006306
parking,33.953684340620505,-118.39665101445767
parking,33.99179654352984,-118.44595728106249
parking,34.01144053389835,-118.40438408377176
parking,34.01062322136273,-118.40504305198536
parking,34.11146506395006,-118.18963618123995
parking,34.11164120643546,-118.1891998126841
parking,34.10891332292302,-118.20117384294858
parking,34.38135366857905,-117.6904598359031
parking,34.24167544079713,-118.55410132520106
parking,34.1002985500805,-117.88882908937352
parking,34.127973904637635,-117.71994814404901
fuel,34.138434365301265,-117.92469239184074
parking,34.24132512706311,-118.55726826751658
parking,34.03469203061675,-118.43872924503754
parking,34.04055764731422,-118.44659498521591
fuel,34.10606469419178,-118.18435510433861
fuel,34.08383560404108,-118.22193766834437
fuel,34.083468241522645,-118.22243686180308
parking,34.08365009613406,-118.2236088453582
fuel,34.083908509586955,-118.22295926626764
parking,34.084127494016066,-118.22326830355055
fuel,34.084214314222365,-118.22247043833296
parking,34.08302010964385,-118.22273290651226
parking,34.08450136236426,-118.22248800964361
parking,34.08602012053978,-118.21901226758749
parking,34.08634102578299,-118.21967719163186
parking,34.01904886233991,-118.39733702169715
parking,34.11986072383491,-118.40887455280549
parking,34.077287168716104,-118.22268969859113
parking,34.39319393574963,-118.45400091657783
parking,34.393265138203276,-118.45380706742834
parking,33.86996167398147,-118.3696078961575
parking,33.86953482391904,-118.37055418393632
parking,33.84212591115829,-118.35990678534414
parking,34.134639235499044,-118.55119811821804
parking,33.81486602602679,-118.34950317100348
parking,33.81070647705845,-118.35045196604149
parking,34.12240617160281,-117.69332270077535
parking,34.57371925418256,-118.0438575022952
fuel,34.65334558041426,-118.23564544257404
parking,33.80790408072762,-118.35724399480733
parking,34.61109854391435,-118.14604755840675
parking,34.69053182690124,-118.19182871638253
fuel,34.68976345,-118.16623600000001
parking,34.45305361509085,-118.50457147372529
fuel,34.0694990702196,-118.12329930549647
parking,33.986066035312724,-118.44338063389324
parking,34.04171706826471,-118.42623736705984
fuel,34.27959354233747,-118.50262434097226
fuel,34.278988884778094,-118.50253673104531
fuel,34.278888711125745,-118.50173882422791
parking,33.82333401443467,-118.38481453355843
parking,33.80495127280585,-118.32518534406611
parking,33.80585101002,-118.32870831535908
parking,33.81458203474599,-118.30056238374037
fuel,33.80121035593611,-118.32786070704907
parking,34.68875575297545,-118.09643208323779
parking,34.69000804421581,-118.0978965507019
parking,34.690122081882286,-118.0957411401806
parking,34.6910427389384,-118.0978188649392
parking,33.831019850811714,-118.35067729763695
parking,33.83221019932515,-118.35092730521266
parking,33.9023760731927,-118.37190481767607
parking,34.41207651351801,-118.57443062763575
parking,34.697949781024555,-118.14609170286192
fuel,34.40861431489305,-118.5740804898224
parking,33.87326322720616,-118.36566373814081
parking,33.87340121468042,-118.37132484123102
parking,33.87333452127467,-118.37328983030824
parking,33.87323459261553,-118.37289453723437
parking,33.873591384901395,-118.38041269978429
parking,33.871844497838296,-118.32599580652027
parking,33.87244080714997,-118.29751097515826
fuel,33.846755367268756,-118.12547718045666
parking,33.86513625,-118.35362054999999
parking,33.865131044986285,-118.35376964811319
parking,33.865219487540784,-118.3539437024
parking,33.86526855007078,-118.35325231179554
parking,33.863981259192194,-118.35728860119343
parking,33.870411421293774,-118.35619976005366
parking,33.8698441716451,-118.356103290949
parking,33.870062057295854,-118.35411486988656
parking,33.86901415774541,-118.35673505232518
parking,33.869710583491795,-118.35772760751898
parking,33.867826717148695,-118.35318026761914
parking,33.869046551676576,-118.35318685844817
parking,33.86913795447601,-118.35503534379185
parking,33.86654167085857,-118.35324560059725
parking,33.883843438578516,-118.35294923767766
parking,33.873277092410206,-118.39371613412374
parking,33.87309616961224,-118.39318554023673
parking,33.87391027517276,-118.39558984276987
parking,33.87227893106249,-118.31858561601622
parking,33.797463524302174,-118.34069814946275
parking,33.872005798821625,-118.3515819569158
parking,33.87086589158317,-118.38217609682809
parking,33.871630146279394,-118.3817043979247
parking,33.872181009510705,-118.38084611845717
parking,33.873080146948695,-118.38104963718342
parking,33.873104874146485,-118.38183667483207
parking,33.852674483404975,-118.39096374723628
parking,33.85301028631437,-118.39112820129017
parking,33.8651183624516,-118.35308431270194
parking,33.86484900045692,-118.35305155774093
parking,33.86447578456325,-118.35290316779583
parking,33.85949598541853,-118.353199468109
parking,33.861572310525816,-118.35293583106565
parking,33.82912598466363,-118.38572189585919
parking,33.82826133036257,-118.3854106130568
parking,33.85844654384881,-118.39097208573848
parking,33.858833838675196,-118.39107859841651
parking,33.85903819731206,-118.39112730290795
parking,33.863040998771446,-118.39082565459552
parking,33.86359421150166,-118.39042949227412
parking,33.865660600924734,-118.38703319569368
parking,33.873067017751204,-118.35982002822035
fuel,33.83787372809749,-118.34530629981373
parking,33.84130692110041,-118.25885118030843
parking,33.84179068548721,-118.25946435369998
parking,33.81728891493062,-118.30850902399862
parking,33.84204627286302,-118.26313904296767
parking,33.87309406076883,-118.36398747889992
parking,33.873120464260495,-118.36462564712784
parking,33.87315514174618,-118.3650354764965
parking,33.87251400402458,-118.36405665449283
parking,33.87245723900733,-118.36444672410309
parking,33.87244679737894,-118.36526472496448
parking,33.899819349228224,-118.39471532898736
parking,33.89744497817781,-118.39415991971387
parking,33.89310966924429,-118.39504982349699
parking,33.892167043011426,-118.3957626571349
parking,33.892161054159445,-118.39521559800335
parking,33.8931750588645,-118.39556700175433
parking,33.89269412708205,-118.3963195354134
parking,33.85085299270813,-118.35313913297577
parking,33.855975135345496,-118.35293034959997
parking,33.85391842495889,-118.3531361888427
parking,33.85257187214083,-118.35257297993564
parking,33.837010160970195,-118.3487595525788
parking,33.82925141661851,-118.3504383277545
parking,33.8362274845654,-118.38503436858778
parking,33.82495583717415,-118.35034790840675
parking,34.20246089298777,-118.537008990909
parking,33.86610753446352,-118.3518906507084
parking,33.865086008705795,-118.3519688353277
parking,33.86444844400355,-118.3522245708101
parking,33.92931997200375,-118.39670031213608
parking,33.92852224963257,-118.39707378302282
parking,33.84470457753182,-118.26315387833517
parking,33.8854434344126,-118.39626681152207
parking,33.88047807964784,-118.37943771100385
parking,33.885378823049905,-118.39530855898178
parking,33.88581034686994,-118.39542298561575
parking,33.8853867921255,-118.39657874043422
parking,33.864721468576796,-118.39577993138721
parking,33.8664560215641,-118.39323730851541
parking,33.86677921810356,-118.39332514837905
parking,33.867255615025925,-118.39344194974255
parking,33.8676233974508,-118.39355052484024
parking,33.85417235494105,-118.39183009112809
parking,33.85428985059323,-118.39114921699218
parking,33.85395094425576,-118.39194875647513
parking,33.85400286093033,-118.39280884740766
parking,33.86874280776669,-118.35713914734552
parking,33.87328858954426,-118.35309347953849
parking,33.869213366857906,-118.3758237484608
parking,33.87320240827868,-118.37500241293868
parking,33.873247004757545,-118.37443894879995
parking,33.87322843982196,-118.35368754583178
parking,33.87257450849502,-118.37466477479342
parking,33.87253384259286,-118.37408633382445
parking,33.872427628836654,-118.37371994283029
fuel,34.580601099999996,-118.0590799
parking,33.86641195831111,-118.38483004645197
parking,33.866177288476585,-118.38510717735059
parking,33.87309522355865,-118.3595253367204
parking,33.87306026863394,-118.36009897973994
parking,33.87254457344122,-118.35929739340193
parking,33.87313654999999,-118.36091985
parking,33.872557980344745,-118.35808201259567
parking,33.87254603100376,-118.35559901357821
parking,33.87259645,-118.3558467
parking,33.87268647497812,-118.36156808365995
parking,33.87255780665989,-118.36173272896707
parking,33.87327675,-118.36181245000002
parking,33.83975730719663,-118.35448299583086
parking,33.86168432662274,-118.34807319099306
parking,33.87308348701308,-118.36821017257013
parking,33.87321583274133,-118.39600623701291
parking,33.884101636960004,-118.39544702787003
parking,33.900575788560516,-118.39463003943372
parking,33.90115804888113,-118.39356285578414
parking,33.8725309198719,-118.38013796786642
parking,33.87243265030281,-118.37943510725755
parking,33.87217699751371,-118.37670384100863
parking,33.83550989126533,-118.35289722944448
parking,33.83551677420488,-118.35227835038559
parking,33.84170112044061,-118.35320663271426
parking,33.83762479115955,-118.3086085558911
parking,33.8723714256024,-118.37648689006825
parking,33.87257508982225,-118.3785439503002
parking,33.87340340000001,-118.3357095
parking,33.87314289998532,-118.33537089850466
parking,33.87311347518985,-118.33576009705153
parking,33.83793381875541,-118.35626132292391
parking,33.83785460848487,-118.3570736038172
parking,33.83906692924889,-118.38523753307362
parking,33.83864236361858,-118.38504778808361
parking,33.83847180505235,-118.38483839282996
parking,33.83751383161982,-118.38466875581175
parking,33.83791511434638,-118.38446720616953
parking,33.8378617863029,-118.38374377558246
parking,33.84707388892041,-118.2635803173835
parking,33.83986077307854,-118.25867819295605
parking,34.03792496636458,-118.74691361466577
parking,33.88714715000001,-118.38194554999998
parking,33.886926099856346,-118.37913549930987
parking,33.88712115911874,-118.37842077059709
parking,33.88672799611381,-118.37822540595567
parking,33.822028393757165,-118.38478567482551
parking,33.8640642097028,-118.39253554218959
parking,33.83851163306331,-118.37598251055186
parking,33.83738214281972,-118.38145111092614
parking,33.81313501936329,-118.36805919803913
parking,33.872432050904244,-118.37621127209508
parking,33.87233398514658,-118.37541989506346
parking,33.8732502,-118.37080015000001
parking,33.87322263452167,-118.37030100442992
parking,33.87320054299325,-118.37250299014887
parking,34.01609063843019,-117.95490833813649
parking,34.00043187605284,-117.8436651746715
fuel,34.000296675462664,-117.84409701859728
parking,34.25957936564971,-118.10389366860673
parking,34.26199248985893,-118.11760677638517
parking,33.84156422493334,-118.3527539913974
parking,33.87308914451109,-118.36744079034911
parking,33.87324504672338,-118.36780881743604
parking,34.008235338425635,-117.81796961405485
parking,34.10215963647814,-117.77136544048915
fuel,34.754831701152504,-118.29024734853446
parking,34.1144571300361,-117.78929619290106
parking,34.10895280773163,-117.76191614894651
parking,34.24370425826649,-118.44941174046426
parking,33.90242967915715,-118.38578990176315
parking,33.92431619220861,-118.02388712691577
parking,33.90927409662706,-118.03267765441518
parking,33.90166282652641,-118.02962436417522
parking,33.90218372495559,-118.02875516122025
parking,33.90203760239131,-118.02846992584367
parking,33.8708451763869,-118.39451776184445
parking,33.89509001391169,-118.39424088926306
parking,33.87102105054263,-118.39503060072893
parking,33.8713460758129,-118.39513281732943
parking,33.91564453119586,-118.0397004051669
parking,33.915936920307146,-118.0400414236185
parking,33.91645246919763,-118.03936146079546
parking,33.90300076968612,-118.02959931187574
parking,33.903075739913895,-118.02941886039464
parking,33.90289322243253,-118.02979604206052
parking,33.90377721787451,-118.02972666746984
parking,33.90328508910463,-118.02970488699303
parking,33.902969842689664,-118.03012036299717
parking,33.90352439278145,-118.03015734308867
parking,33.904029342702906,-118.03014744231186
parking,33.904294,-118.03031819999998
parking,33.89991529425587,-118.39516930728158
parking,33.83922578338628,-118.37594742253425
parking,33.889984474405814,-118.39644018686386
parking,33.89009067045058,-118.39635658710519
parking,33.83826448296588,-118.38396115171213
parking,33.83819553245669,-118.38348505588256
parking,33.837996105764844,-118.38211717336219
parking,34.0201304269565,-118.49268651423662
parking,33.901354395869625,-118.39683962211659
parking,33.89833172501899,-118.39564150619184
parking,33.897416508955665,-118.3665230732914
parking,34.1531442502685,-118.30866098648337
parking,33.91813616833202,-118.0134329674104
parking,33.91812400473791,-118.01296547543078
parking,33.918123402519896,-118.01244196127504
parking,33.91765561848776,-118.0133407343841
parking,33.91760145157794,-118.01267209368693
parking,33.91778825000001,-118.01236349999999
parking,33.91758926723149,-118.0123768347993
parking,33.91844847465375,-118.01287777334862
parking,33.918450749013296,-118.01245643020995
parking,34.10111923857008,-118.23690882583364
parking,33.8980372063919,-118.00800289552457
parking,33.89776210413227,-118.00943802670952
parking,33.89775555000001,-118.00957234999998
parking,33.897629773213836,-118.0093676317951
parking,33.897571480876756,-118.00891170560975
parking,33.89838380065349,-118.00923175637097
parking,33.89803320956894,-118.00927327627015
parking,33.897691794558014,-118.00820236344268
parking,33.89772229797841,-118.00700409336038
parking,33.89779775334128,-118.00599353338232
parking,33.89795427513812,-118.00542146711786
parking,33.89841051581658,-118.00596390596398
parking,33.898389361627316,-118.00632881488765
parking,33.898338328312775,-118.00660407460896
parking,33.89845023511532,-118.0067963946302
parking,33.89858710727177,-118.00665994801284
parking,33.89834055183461,-118.0070500100552
parking,33.898006357418176,-118.00992368808929
parking,33.898055699990344,-118.0103659180275
parking,33.897471808143465,-118.01009203303718
parking,33.89743795409648,-118.00963242011373
parking,33.89720560567716,-118.00998962859107
parking,33.89713200425552,-118.00954423863058
parking,33.8967694587778,-118.00907011720511
parking,33.89652517104833,-118.00926069976109
parking,33.895251921135205,-118.00379348663154
parking,33.867570168584024,-118.35202589269191
parking,33.83308146832623,-118.3855595073094
parking,33.89824086809914,-118.39324512661182
parking,33.789116577263414,-118.32042178538305
parking,33.78989912354494,-118.31865640888692
parking,33.826585862831514,-118.35932332592802
parking,33.831584213180086,-118.32928174393287
parking,33.776382203939285,-118.41210187366003
fuel,33.7911300692375,-118.26928886349413
parking,33.847520380726195,-118.38878068227936
parking,33.91371130486133,-118.07325810056162
parking,33.84824693270025,-118.36289365643793
parking,33.84815672602455,-118.36309214758741
parking,33.89767541831815,-118.39629596074832
parking,33.81341213484587,-118.34993682563797
parking,33.87401384844768,-118.35372660226103
parking,33.87407759775648,-118.35331729306752
parking,33.87348604105114,-118.3434393290121
fuel,33.776907786146616,-118.37528113359218
fuel,33.778605386323214,-118.3845053295048
parking,33.86505922899762,-118.39603297760306
parking,33.873164178286686,-118.39969957771605
parking,33.83336996237217,-118.35362276438961
parking,33.863189252463506,-118.38975939036268
parking,33.901098331567376,-118.39323657259138
parking,33.83802313582785,-118.36599770379165
parking,33.83801747826904,-118.36742180466737
parking,33.88701660398199,-118.39544491590439
parking,33.901187283553305,-118.38547536245139
parking,33.89937214861799,-118.39297427390474
parking,33.895151089208014,-118.38252421505322
parking,33.89494651646538,-118.37898372755656
parking,33.89503776482673,-118.37921470389283
parking,33.827413716380164,-118.16712481124117
parking,33.88594276351557,-118.37885785072369
fuel,34.221423478514765,-118.50951914892119
parking,34.02393729571187,-118.49158174899361
parking,34.024457950065674,-118.49101556666506
parking,34.024703794592874,-118.4906446514367
parking,34.02355675,-118.49193065000001
parking,34.026227610652356,-118.49047387843815
parking,33.87244365199837,-118.31694169170481
parking,33.91687052360219,-118.38788963980728
parking,33.86869045984,-118.05602263378138
parking,33.87311106688471,-118.31830515155646
parking,33.87209534752496,-118.33593941273695
parking,33.87159613218839,-118.33544846925723
parking,33.937000043425314,-118.128395983996
parking,33.816699692135884,-118.38700503956298
parking,33.87398699183858,-118.08140175174744
parking,33.87335849266285,-118.08202226584581
parking,34.30798127555749,-118.46265467596795
parking,33.89292435984495,-118.39542641460726
parking,33.89264405,-118.39494775
parking,33.8924396775287,-118.39494928207478
parking,33.88673554334086,-118.39532908181357
parking,33.84675683747341,-118.11682710031629
parking,33.84986477505126,-118.35314669794062
parking,33.84918750476671,-118.35309862750977
parking,33.849577679394336,-118.35225499981418
parking,33.849046586836586,-118.35189087494135
parking,33.84923069681824,-118.35421332198213
parking,33.84891344597946,-118.35411528052968
parking,33.848249898759036,-118.35427207130554
parking,33.82665106810875,-118.3697025618013
parking,34.28898406131247,-118.45968781140377
parking,34.22187589376413,-118.24187949653914
parking,33.87363985555398,-118.30784606659438
parking,33.87461322873466,-118.30753342431873
parking,33.87313672152507,-118.33485619899345
parking,33.873197542595896,-118.3345305146236
parking,33.87308085427063,-118.32731196402817
parking,33.85213859841252,-118.38435484227475
parking,33.858969400042554,-118.35393288542795
parking,33.857731259825535,-118.35459837250087
parking,33.86131420016688,-118.35346105930194
parking,33.88767937584215,-118.39440128479234
fuel,33.98557697630405,-118.442901877464
parking,33.88702400651108,-118.36169817767303
parking,33.88502641397598,-118.40700673109038
parking,33.86249969030698,-118.35300708096116
parking,33.897968592243956,-118.39564315281041
fuel,33.83163854327127,-118.32822692196967
parking,33.87250454508547,-118.37746712789429
parking,33.85780584027498,-118.36662786211772
parking,33.86737042698125,-118.36144523620557
parking,33.86322063432922,-118.35172629204409
parking,33.8585482817236,-118.36186186299032
parking,34.02561173798083,-118.48341661078655
fuel,34.12782885901444,-118.14694597055073
fuel,34.235107173628286,-118.55311748093716
parking,33.83159902921736,-118.37873504922524
parking,33.87310676331133,-118.35504623590822
fuel,33.99451743797265,-118.41775860277687
fuel,33.99451743797265,-118.41775860277687
fuel,33.944502295137916,-118.3346762011219
parking,33.804426080807794,-118.35039772028148
parking,33.803525324919256,-118.32772019563804
parking,33.805190697433886,-118.32771572853073
parking,33.80344789322863,-118.34810875012434
parking,33.873188258295905,-118.35796846019
fuel,34.24966002143798,-118.60566569755761
parking,33.854191803854036,-118.13297297738218
parking,33.80375413029276,-118.3361891880829
parking,33.804448727211,-118.33726423194126
parking,33.81709103485548,-118.35079150094992
parking,33.818532055677586,-118.35029577778486
parking,33.81862267219125,-118.35069446469528
parking,34.69560649420535,-118.0582971987481
parking,34.69457922396115,-118.05859668737996
parking,34.69628563749862,-118.05881655563208
parking,34.693984475008065,-118.05662110166143
parking,34.69222401551512,-118.05853577264712
parking,34.69663979007252,-118.05680043077203
parking,34.696703847310005,-118.05632637746776
parking,34.69682481994975,-118.05758817277616
fuel,33.97604195470674,-118.12650672076963
fuel,34.04580171513206,-117.8026463664402
parking,34.188087094546404,-118.60375247555687
parking,33.90218254469468,-118.35212379565621
fuel,33.74537925105849,-118.29264224727686
fuel,34.42319010237985,-118.58465413931594
parking,33.92767623977847,-118.38398824293877
parking,33.926204388523175,-118.3837281852041
parking,33.92535110306167,-118.38529848725152
parking,33.926456225781294,-118.38512573599009
parking,33.92770191498894,-118.38640856972619
parking,33.86510108982015,-118.38673338601991
parking,33.86878004934435,-118.38246857859465
parking,33.8682452440602,-118.38268319680601
parking,33.86858126829392,-118.38244851092605
parking,33.829130310085695,-118.38522745781506
parking,33.82908255518816,-118.38486804550583
parking,33.86601216355707,-118.3269796167212
parking,33.865322497344614,-118.32690125967052
parking,33.865404070798874,-118.32741593424697
parking,33.859766776690414,-118.13223410623625
parking,33.87300707518377,-118.38241448810956
parking,33.88120426579618,-118.38261290222805
parking,33.804381787308955,-118.34856864993614
parking,33.80735262471617,-118.35145234239376
fuel,33.91693744688656,-117.9947216648238
parking,33.87989091078473,-118.35207417775776
parking,33.91781178474596,-117.99331929694088
parking,33.91752993203045,-117.99400100152255
fuel,33.87372297244335,-118.29577764525256
parking,33.873644089046756,-118.29684610289272
parking,33.80214663904968,-118.32731955273812
parking,33.79949588837761,-118.32025789801395
parking,33.80053049333818,-118.3202734283728
parking,33.798503184424305,-118.32040242529233
parking,33.89772003946501,-118.39517058737671
parking,33.92342398821006,-118.38585931648993
parking,33.801828467396085,-118.31947701585705
parking,33.80329881870421,-118.32138917087929
parking,33.86762235611103,-118.05582686943367
parking,33.8724845103113,-118.36972402985148
parking,33.821820304364515,-118.3264892554161
parking,33.87246735,-118.35740965
parking,33.87231622490278,-118.35732607204675
parking,33.82078926713868,-118.32576011435759
parking,33.82111851330223,-118.32630603963474
fuel,34.674422625151244,-118.1294189471226
fuel,34.68978597028683,-118.13599828495342
parking,33.82291280176218,-118.38491931889222
parking,34.13619706998179,-117.96927640665
parking,33.872713481854,-118.07302612537264
parking,33.87347619883601,-118.07226469675612
parking,33.86054970079104,-118.34427662481868
parking,33.8430359339909,-118.35988491664432
parking,33.84114575191445,-118.35452379322903
parking,33.8412176675386,-118.35414083116655
parking,33.8584391202025,-118.3671488385813
parking,33.85872737783356,-118.36745774789738
parking,33.858641905740775,-118.36674903275006
parking,34.04490110016744,-118.45443031660183
parking,34.04600344935351,-118.4555306406719
parking,34.0497561621885,-118.46015381071335
parking,33.88681250567137,-118.39651273221018
parking,33.87246202478806,-118.3729129339603
parking,33.87245197487246,-118.37339364275773
parking,33.87250514449698,-118.3721913782184
parking,33.872527698215485,-118.37138960598075
parking,33.872342800000006,-118.37088835
fuel,33.919202799982315,-118.3434084537798
parking,34.243006100798496,-118.4881850187239
parking,33.87417063021783,-118.37958959643078
parking,33.87445154431955,-118.35166782776511
parking,33.87315348035394,-118.35209392100742
parking,33.87467863023966,-118.35053003789092
parking,33.87356594280272,-118.35168885143335
parking,33.901368214112,-118.3516250352917
parking,33.87309245,-118.36651249999998
parking,33.86759371354798,-118.35611544023794
parking,33.82933753318461,-118.34328538379738
parking,33.77122659611666,-118.15713584860342
fuel,34.160829354469335,-118.34315313076338
parking,33.87277055629626,-118.06435807442867
parking,34.02430997224476,-118.46107649486356
parking,33.860199412301114,-118.37204851956002
parking,34.03374984121666,-118.44957661195915
parking,34.142912357438995,-118.24024679405126
parking,34.142832730981716,-118.23988507175858
parking,34.14240968706643,-118.23695347026786
parking,34.142469350000006,-118.2362691
parking,34.142247224404734,-118.23631842280373
parking,33.8726152,-118.3665092
parking,33.8725090240304,-118.36754210566208
parking,33.87324324920445,-118.37817670676604
parking,33.873119419984725,-118.3775927752878
parking,33.873177486148144,-118.37740221937263
parking,33.95493129283308,-118.18557027210612
parking,33.818669481593275,-118.38500459382146
parking,33.82001268658773,-118.38563894279292
parking,33.86594307725807,-118.30207702682868
parking,33.81729233120043,-118.38686055542907
parking,33.84945868573887,-118.36265542907844
parking,33.848893315165945,-118.36266045142871
parking,33.848881974858514,-118.36197638343708
parking,33.849406120199575,-118.36191531747733
parking,33.83802609787724,-118.35534213879892
parking,34.03163683783208,-118.45649255150117
parking,34.02742234123921,-118.47338560292401
parking,34.047092766273366,-118.4435044226727
parking,34.03613636361271,-118.43412275657317
parking,34.037368865468395,-118.45389361761129
parking,34.036055287110656,-118.44006550623774
parking,34.036276459286455,-118.43737890719878
parking,34.12917723889149,-117.84978704742296
parking,33.80534431370658,-118.350624018519
parking,33.806088729696185,-118.3506550529546
parking,33.80421989899214,-118.34833728851626
parking,33.80437994024001,-118.34808822038389
parking,34.31812802461554,-118.4244814035025
parking,33.83790571348357,-118.36640021082363
parking,33.83781856323694,-118.36544142385512
parking,33.78188647362013,-118.18897427377976
parking,34.046687504990686,-118.45612111231291
parking,34.27744591162073,-118.5659887633697
parking,34.24393288520987,-118.52172323037944
parking,34.15198087696776,-118.69752776894657
parking,34.03990903466151,-118.46288198149655
parking,33.80708007811122,-118.35767679806983
parking,33.80704026821109,-118.35726683234155
fuel,34.020872925508485,-118.18958204556563
parking,33.87232908543303,-118.34349460423739
parking,33.85346520320862,-118.36062256946376
parking,34.24295142586825,-118.45073189839336
parking,34.02726948102783,-118.04064688419854
parking,34.02804178186145,-118.04071041073504
parking,34.02796502438047,-118.0398695451794
parking,34.01278099055873,-118.46695368377357
parking,34.29888804188418,-118.45914178792923
parking,34.04204464559082,-118.46067811042656
parking,33.87235962044037,-118.39414987151957
parking,33.87249676209347,-118.39497762754914
parking,33.91906321222254,-118.4141653327097
parking,33.918464150000005,-118.4161748
parking,33.91812054999999,-118.4168224
parking,33.91957127500443,-118.41629955958842
parking,33.91515611535142,-118.39554790398033
parking,33.96024451575855,-118.31899809759568
parking,34.04454763770703,-118.46758115913269
parking,34.193696203467724,-118.4497519606484
parking,33.85336769157657,-118.13426615323652
parking,33.853126105511,-118.1341752120985
parking,34.249848973344044,-118.46816492450009
parking,34.24985632371752,-118.46846702517718
parking,34.24988857505331,-118.46795489755623
parking,34.24960529433262,-118.46780531099975
parking,34.25034504174277,-118.46773109857075
parking,34.18841818807247,-118.448360106286
parking,34.12418364494084,-118.27360524962468
parking,34.25637866101567,-118.50026369849827
parking,33.74318778735031,-118.41000780109815
parking,33.78997836537925,-118.32301749931791
parking,33.80516977306183,-118.32505246871452
fuel,33.80431548468548,-118.32507816180944
fuel,33.812514273204044,-118.3277001356658
parking,33.80408497055139,-118.32928666691384
fuel,33.80607363528814,-118.32752192914269
parking,34.033184027759425,-118.47510046997392
parking,34.23534518209448,-118.46807121814842
parking,33.88444001164481,-118.39642673730408
parking,33.891256779475995,-118.39544118067434
parking,34.23225432227336,-118.46798143526357
parking,34.23238126413765,-118.46836188037769
parking,34.230269761531275,-118.46736896971275
parking,33.98624180927387,-118.4003308691529
parking,33.858333327212826,-118.07038081820572
parking,33.85823372117167,-118.07129154357618
parking,33.857566756390376,-118.07194622842276
parking,33.875625815799815,-118.29596665728033
parking,33.813655795555206,-118.34764439725166
parking,34.144640270026606,-118.74931648409955
parking,33.86607078884388,-118.28126792941575
parking,34.23125561456966,-118.53600532412099
parking,34.23149094513602,-118.53619037460184
parking,34.2326284,-118.53618180000001
parking,34.2330029,-118.53618220000001
parking,34.232665774807245,-118.53601624938041
parking,34.2334495,-118.53601714999999
parking,34.23360857968662,-118.53618277497088
parking,34.23400704644913,-118.53618287543186
parking,34.23702540000001,-118.5361858
parking,34.23809825681383,-118.53618672501601
parking,34.238514964221906,-118.53618697371436
parking,34.23989565,-118.5361877
parking,34.240223839859254,-118.53618642495202
parking,34.24153765,-118.53619595
parking,34.24174095584522,-118.53601142869559
parking,34.02852548631959,-118.47476576209299
parking,33.997325556781234,-118.42195169930363
parking,34.03821155,-118.4424022
parking,34.033445986472415,-118.44844979243295
fuel,34.660033533290964,-118.16517405983453
parking,34.2447367890003,-118.52198977653306
parking,34.2438049686595,-118.52208357574357
parking,34.24380969803871,-118.52299137874671
parking,33.81766914023184,-118.385273034853
parking,34.042856109390144,-118.45632882219276
parking,33.87337268687139,-118.36155501916164
parking,33.938417900000005,-118.16800624999998
parking,33.943087291563835,-118.19270810363723
parking,33.94338533220288,-118.19210243710467
parking,33.94347742874496,-118.19392577506902
parking,33.94366781517845,-118.19523189158849
parking,33.943752421511405,-118.19602670986728
parking,33.94382190589766,-118.19705709659623
parking,33.942905521853945,-118.1984968428498
parking,33.94292849811198,-118.19930705829086
fuel,34.22101997937204,-118.46739675460738
parking,34.321878834078106,-118.47941615588198
parking,34.05291877786202,-118.31892573390606
parking,34.13227156837395,-118.45689038593916
parking,33.85318514985692,-118.38009841376
parking,33.853949439263914,-118.37912376031977
parking,33.98493272058467,-118.17252397952907
parking,33.98498030331282,-118.17298142958873
parking,33.98502911691901,-118.17345614719453
parking,33.98528588039668,-118.17397811114974
parking,34.03953930485879,-118.4738916085306
parking,34.6929610782486,-118.05726426379408
fuel,34.18630617006756,-118.6432266812221
parking,33.945462127305184,-118.21150461640711
parking,33.945277280345145,-118.21019429627522
parking,34.02539435942584,-118.47720516495583
parking,33.857867606817145,-118.35258530482845
parking,33.873098970980024,-118.35826186950247
fuel,34.113493212869216,-118.00384702589376
fuel,33.97896814425643,-118.43655494612366
parking,34.18501374984977,-118.34669534701146
parking,34.04180603293111,-118.45970241809277
parking,34.6932858553854,-118.05855199943453
fuel,34.25063383967419,-118.50283029393815
parking,33.98549360902738,-117.9541482793099
parking,33.79776976050139,-118.3202678697571
parking,33.8381777116115,-118.36160142686126
parking,34.02672582645266,-118.47815936703694
parking,34.018660781755,-118.47155883878757
parking,34.022005261404274,-118.46431478106389
parking,34.021801817470255,-118.46472557279037
parking,33.872538304422626,-118.36868797916951
parking,34.04622804722111,-118.4641609078734
fuel,34.024497100000005,-118.24999045000001
parking,34.025333140048076,-118.4317614963361
parking,34.02557334682486,-118.43225462448652
parking,34.02582618583773,-118.43140077243184
parking,33.81106578792649,-118.34624391767053
parking,33.810139078404525,-118.34554645135874
parking,34.030213488002545,-118.44906014455484
parking,34.02957483885176,-118.45106931451159
parking,34.012631761667805,-118.48283023069217
parking,34.01186154720215,-118.48312169483997
parking,34.01187594364142,-118.48206021612633
parking,34.01119148486812,-118.48207443205327
parking,34.011157155736726,-118.48113425512382
parking,34.04146760554001,-118.46216767563851
parking,34.043375492414775,-118.45628522617345
parking,33.8725826700131,-118.30313477376272
parking,33.87247203813914,-118.30409787837074
parking,34.00490194101226,-118.43182804852513
parking,34.28367019436745,-118.4416519576175
parking,33.938117595495456,-118.12204523405798
parking,33.93808863664718,-118.12133159224173
parking,33.93706692240421,-118.12009303141835
parking,33.935504170347585,-118.1171671980917
parking,33.934644038508374,-118.11713418533148
parking,33.934391299999994,-118.1173133
parking,33.933877232365255,-118.11907560576657
parking,33.93502187607095,-118.12132405038723
parking,33.93581500274611,-118.12260724123547
parking,33.935766232881846,-118.12305350354049
parking,33.74541274166067,-118.40438434189707
parking,33.745091129332664,-118.40514575291648
parking,33.926079553790856,-118.12598613373241
parking,33.92727418433007,-118.12581800910287
parking,33.92758408216747,-118.12592692125048
parking,33.89135968825567,-118.3964636249325
parking,33.891509717900114,-118.39630142352328
parking,33.88771494184464,-118.39936639751828
parking,33.93116097468803,-118.35089340739812
parking,33.77620981574932,-118.18683893085294
parking,33.77277466904614,-118.18556622852678
parking,33.77190239635572,-118.18537367549104
parking,33.76813015844572,-118.18214840960893
parking,33.773814943131406,-118.18040482792134
parking,33.776316565213456,-118.18452742538936
parking,34.184134799405065,-118.30295285790912
parking,33.7795391303197,-118.1933222392938
parking,33.78034702495672,-118.19202019110512
parking,33.78023774017801,-118.19146777480681
parking,34.05361914045619,-118.46284882403326
parking,34.180170414871945,-118.53421073382364
parking,34.11942017448762,-118.27326509423493
parking,33.85400979296601,-118.13654458886525
parking,34.136931480911905,-118.28795364738342
parking,34.136440023202624,-118.2880414082643
parking,34.13880438696282,-118.28820736187585
parking,34.026946878853785,-117.7607387582848
parking,33.91746628760396,-118.16820255327676
parking,33.91771343854536,-118.16850487489457
parking,33.94494393613891,-118.20711805233485
fuel,33.94964986344349,-118.16557142891466
parking,33.948986674060606,-118.1676585122853
parking,33.948595727921095,-118.16793671015259
parking,33.94844688863592,-118.16626009356591
parking,33.94889530868031,-118.1664889436234
parking,33.94800064413282,-118.16862253458318
parking,33.94770654554666,-118.16597194391132
parking,33.95211662545365,-118.16259769613094
parking,33.952436688499276,-118.16361494652418
parking,33.94485733839505,-118.16582100829574
parking,34.12444594976103,-118.28452592482779
fuel,33.91801141431776,-118.10313231816374
fuel,33.91745313592345,-118.09966097018079
parking,33.91753492466793,-118.10295674099014
parking,33.91945230622781,-118.1032398926004
parking,33.92027071561561,-118.10324081759975
parking,33.91870143051072,-118.10313286253104
parking,33.91813881760272,-118.10343339555541
parking,33.92017302314334,-118.10281030052921
parking,33.920798442687044,-118.10251563796481
parking,33.92006822439006,-118.10194043138158
parking,33.918653728497375,-118.09890010438231
parking,33.917860090739225,-118.10119975744834
parking,33.91885928356574,-118.10024067925646
fuel,33.92601041437857,-118.10552090427811
parking,33.9437186299901,-118.19920469288992
parking,33.94483886681883,-118.19900400007614
parking,33.94407116588113,-118.19820199512498
parking,33.944934430370886,-118.19770975893981
parking,33.94220211200033,-118.19387381001539
parking,33.99830200014533,-118.16718031684677
parking,33.99807343404814,-118.16726842341907
fuel,34.16909646315536,-118.30599378413991
parking,33.925017341880164,-118.1298849539488
parking,33.925073365189036,-118.12794315100624
parking,33.92437526161196,-118.12956995226764
parking,33.924344647199,-118.12763984915979
parking,33.923528800024954,-118.12853939873882
parking,33.92371361613715,-118.12741884975615
parking,33.92310917512054,-118.12854948611376
parking,33.92363042379973,-118.1308513066382
parking,33.92274216632315,-118.13225042640383
parking,33.9231931664431,-118.13053351595224
parking,33.924416666806344,-118.13150726059143
parking,33.92258274572264,-118.12855780164652
parking,33.92241388751219,-118.129928948552
parking,33.92173804832285,-118.13040441321272
parking,33.9219290374841,-118.13196532574636
parking,33.921824361410245,-118.13111564792366
parking,33.92146764482382,-118.13319489567782
parking,33.921955510448846,-118.13290162189047
parking,33.9218571248268,-118.1333118908691
parking,33.92185635,-118.13372385000001
parking,33.92178210000001,-118.13389355000001
parking,33.9210819,-118.13324394999998
parking,33.92108217467531,-118.1328188289355
parking,33.92082571139695,-118.13249738063533
parking,33.92149012476335,-118.1324275549054
parking,33.92084865473222,-118.13369917817235
parking,33.920582092781125,-118.13167167185729
parking,33.92039115808069,-118.13244917666702
parking,33.92022981901103,-118.13213079778045
parking,33.9198842784128,-118.13405775267772
parking,33.919140255438926,-118.13405765367604
parking,33.944191074254086,-118.20046926118151
parking,33.9441585108751,-118.20106023103035
parking,33.916659398136346,-118.13382902866499
parking,33.94328341509248,-118.15824583933544
parking,33.945114440104675,-118.16967241076338
parking,33.95145704772649,-118.17951972012698
parking,33.9540944109121,-118.22944816713954
parking,33.97662080173246,-118.23599477666987
parking,33.97661961545099,-118.23542742609213
parking,33.88846945601954,-118.13914492341739
fuel,33.90242681420627,-118.26572500332168
parking,33.901919374612994,-118.25707864669172
parking,33.85941207511874,-118.08979946748494
parking,34.17171075151041,-118.56749817057693
parking,33.896966596032726,-118.26570073455159
parking,33.94651977631549,-118.1814682841016
parking,33.95356613377871,-118.18523911404824
parking,33.95484020379978,-118.18849096611171
parking,33.954906676658034,-118.186710676265
parking,33.95551861942908,-118.18806312392167
parking,33.95408800451849,-118.18406771272696
parking,33.9541889139615,-118.18419269956155
parking,33.9541338818384,-118.18481576082551
parking,33.95459021984301,-118.18466120058203
parking,33.95443432212411,-118.18447549705789
parking,33.954790084817105,-118.18454234995927
parking,33.95215750191302,-118.18293956696263
parking,33.95143263781157,-118.18233044565753
parking,33.95113552490258,-118.18252644700223
parking,33.912078183019496,-118.13273971335971
parking,33.91207419879999,-118.1335480950296
parking,33.91000870919422,-118.1321284215759
parking,33.91002471963828,-118.13372319552988
parking,33.9098910497819,-118.1334038201057
parking,33.91016057573035,-118.13329707751895
parking,33.87343241143528,-118.2957590342401
parking,34.264845764152454,-118.4685458794036
fuel,34.17244013834896,-118.37956909958545
parking,33.91557590060304,-118.38838011590435
fuel,34.18642725,-118.3708553
parking,33.97305457759899,-118.21178044388714
parking,33.973363938628054,-118.2118323751816
parking,33.91141395652624,-118.11641482512499
parking,33.91124575,-118.11642080000001
parking,33.91089455,-118.11641739999999
parking,33.91106585,-118.11641739999997
parking,33.91065574083111,-118.1158428803315
parking,33.91036965,-118.1158112
parking,33.91569029265923,-118.11433099271049
parking,33.91649657912195,-118.11414611752429
parking,33.91531033913547,-118.11318364330526
parking,33.917600012354335,-118.11401189504491
parking,33.918459260859876,-118.11349158853257
parking,33.916700354688885,-118.11628522672036
parking,33.869263207480785,-118.37148084707705
parking,34.01421007575875,-118.23903421054453
fuel,34.17910572775248,-118.37062464079378
parking,34.02270115358153,-118.16364642178232
parking,34.02300934147844,-118.49404743232343
parking,34.02532375286106,-118.49768021589021
fuel,34.154037550000005,-118.46936955
fuel,34.00980452372452,-118.19118292191152
fuel,34.0052921792539,-118.17583399178562
parking,34.185184233487746,-118.30475271851843
parking,34.01777334134857,-118.40779135202087
parking,34.01734540661018,-118.40735586827047
parking,34.181995852292076,-118.30526018516562
parking,34.18063869303883,-118.3033706357536
parking,34.18090965,-118.30269729999999
parking,34.18033162957787,-118.30191190503736
parking,34.1800047709999,-118.30141540650939
parking,34.17717135,-118.29731485
parking,34.16736614995576,-118.2985721666562
parking,34.01045837770574,-118.20310249490926
parking,34.00781545915953,-118.19672194822557
parking,34.007953491379496,-118.19652214852736
parking,34.01692795170158,-118.21975806547186
parking,34.18325867395601,-118.30685350792689
parking,33.98144343316469,-118.23640875390964
parking,33.98889468306953,-118.24039791206285
parking,33.82315279100724,-118.32808721021858
fuel,34.00423387357334,-118.2395390399119
parking,33.92948739837731,-118.21078574439902
parking,33.845286329488616,-118.34555562839633
parking,34.00062661996315,-118.16146754551121
parking,33.99992194386163,-118.16052315139162
parking,34.14711914105829,-118.29580469668507
fuel,34.27236569011274,-118.50181742621524
fuel,34.27159928928514,-118.50176035162352
parking,33.99982310562769,-118.1592781810317
parking,33.999644294169634,-118.15876494309455
parking,33.99932097435833,-118.15882598280443
parking,33.999384568249894,-118.15900836149568
parking,33.99910237073413,-118.15686897139187
parking,33.99504626621914,-118.14285625772908
parking,33.99533491688632,-118.14097630110064
parking,33.99563739804093,-118.14145089245804
parking,33.99517374802424,-118.14046659585021
parking,33.994588540311995,-118.13990220944522
parking,33.9939801876011,-118.14079938013265
parking,33.99466483392355,-118.14132401306131
parking,33.994555550881316,-118.14191693689052
parking,33.98755633159539,-118.1357185394377
parking,33.98718707235035,-118.13660827675224
parking,33.9864907585914,-118.13562257568881
parking,33.975778276064126,-118.1247751844705
parking,33.974662423523554,-118.12389620584722
parking,33.93542782351369,-118.15532139318852
parking,34.183962344483746,-118.30603517709564
parking,34.18413880496678,-118.30678199509619
parking,33.93966664068632,-118.15410921446488
parking,33.93992693662477,-118.15391952950479
parking,33.973540627638,-118.12281019386359
parking,34.19009968179698,-118.3204560399219
parking,34.18993414368055,-118.3199887385084
parking,34.1898291,-118.32029150000002
parking,34.19040018400799,-118.3201323958415
parking,34.190932977264005,-118.32026601988855
parking,34.19182857117063,-118.31932383913778
parking,34.19166920024404,-118.32014651380761
parking,34.19313140402679,-118.32150764389816
parking,34.19320564912561,-118.32182140787225
parking,34.19385355213122,-118.32137657373494
parking,34.19349316771925,-118.32174993889724
parking,34.192803473085824,-118.32247397206628
parking,33.93017862104717,-118.14784808402251
parking,33.93071919044729,-118.1475186188677
parking,33.93124573764996,-118.1469017499313
parking,33.93138057082442,-118.14716455439967
parking,33.93273499474884,-118.14590399858572
parking,33.933121101817505,-118.1455846274889
parking,33.93216150151492,-118.14645472096034
parking,33.931677851018875,-118.14685930609731
parking,33.931880741832714,-118.14663698869269
parking,34.17810608511207,-118.30343524127652
parking,34.17805533519388,-118.30693290366133
parking,34.1778018945652,-118.30817581450697
parking,34.17823867113049,-118.30877535453436
parking,34.17897381981812,-118.31014390836901
parking,34.17876553272222,-118.30971437452214
parking,33.82866705413883,-118.29081536722792
parking,34.1770553249534,-118.30288669647165
parking,33.93511129063649,-118.34365494887598
parking,34.17982836396591,-118.30848947605541
parking,34.17948865281753,-118.30889791649419
parking,34.17973262209287,-118.30923456109417
parking,34.17960914714791,-118.30950008091746
parking,33.91750665475024,-118.08228027885264
parking,33.92412089738377,-118.1170089088532
parking,33.92375826905262,-118.11729023222341
parking,33.9739499922822,-118.20515868764834
parking,33.974695786764066,-118.2045276653855
parking,33.91731451183815,-118.08890706497819
parking,33.91835194129909,-118.08892762606813
parking,33.91790129108838,-118.11858698604689
parking,33.920371745438494,-118.11912770868194
parking,33.92247158547208,-118.125242850409
parking,33.922509782312666,-118.12366709759429
parking,33.92245272823878,-118.12300468634363
parking,33.92210472571774,-118.12324887606445
parking,33.92290305069472,-118.1235442271833
parking,33.922898700000005,-118.12431734999998
parking,33.92278867472159,-118.12488046784948
parking,33.9221015,-118.12418674999999
parking,33.92210149801428,-118.12450482488534
parking,33.921390383364475,-118.12328113103749
parking,33.921925481232705,-118.12426889851649
parking,33.92193540228578,-118.12475602518779
parking,33.92162279201805,-118.12524035035838
parking,33.92090837790971,-118.12446661230919
parking,34.09634460888279,-118.36662729961206
parking,34.09678784999999,-118.3664539
fuel,34.19189197534498,-118.32501941116745
parking,34.188351234913306,-118.31936130825528
parking,34.186849446763226,-118.31819748549155
parking,34.18678192205035,-118.31738158737414
parking,34.17700136331475,-118.30463963841082
parking,34.17616921332846,-118.30343750803765
fuel,34.17404790915809,-118.29991555660244
parking,34.176072680531036,-118.2977442264555
parking,34.174072370644815,-118.2926885181608
parking,34.173460284984216,-118.29209824194257
parking,34.17300505000001,-118.29147214999999
parking,34.171811473357536,-118.28979577740111
parking,34.16459577358615,-118.28129693469985
parking,34.16430260202138,-118.28122733094678
parking,34.16428696886388,-118.28094366163118
parking,33.91739789360404,-118.13555977688924
parking,34.020503351669674,-118.4680363243506
parking,33.868684643085345,-118.38297511261209
parking,33.869023644434854,-118.38293208437429
parking,34.04536881443208,-118.20918732987369
parking,33.9270328786681,-118.1488677949566
parking,33.92811519311844,-118.14820025702844
parking,33.9286343743365,-118.14759754953506
parking,33.92494686181278,-118.14890595620732
parking,33.93129167985048,-118.1461750466186
parking,33.93108635585338,-118.14577826568218
parking,33.92995961137835,-118.14709126724183
parking,33.93061322945829,-118.1462698785359
parking,33.93141007834637,-118.14583875842645
parking,33.932132232601894,-118.14529333465173
parking,33.93164261704873,-118.13823933528188
parking,33.92746802911527,-118.1419298087522
parking,33.92143118043268,-118.14625223558853
fuel,34.145763191256854,-118.3052656449247
parking,33.921621722689785,-118.14577463875399
parking,33.92386994720115,-118.14446152130948
parking,33.92380535427895,-118.14374590317948
parking,33.919055230428945,-118.1417479474502
parking,33.917441607118896,-118.13860022827522
parking,33.91800839039748,-118.13881792132467
parking,33.91764862417652,-118.13808037112584
parking,33.92592384662761,-118.13837454058925
parking,33.945093591369215,-118.14366027974002
parking,33.94503415,-118.14299325000002
parking,33.9445932210874,-118.14333209810655
parking,33.944734687405465,-118.142736866636
parking,33.94453105982634,-118.14296959414968
parking,34.19578076782691,-118.31289531523355
parking,34.19408458297314,-118.31138667828367
parking,34.18956799397131,-118.30697216281904
parking,34.19025007388558,-118.30728249852926
parking,33.949079948431404,-118.1560500298081
parking,33.94837062086553,-118.15585239848488
parking,33.94850881537287,-118.15641176979956
parking,33.948143805236235,-118.1548784709785
parking,33.949102993966555,-118.15431991916135
parking,33.95000453088973,-118.15648368690526
parking,33.948464224159906,-118.15450884674812
parking,33.94692778932557,-118.15308314710703
parking,33.94727934148467,-118.15409361050071
parking,33.94644960300663,-118.1542606842398
parking,33.94131061064573,-118.13958903315198
parking,33.94079217034232,-118.14018334493232
parking,33.94052116802528,-118.14014330901517
parking,33.938782726516116,-118.14145829825341
parking,33.93913907741252,-118.14126477261426
parking,33.93947995470492,-118.14094170441558
parking,33.94340271047009,-118.1413021532184
parking,33.94386552708068,-118.14106975925623
parking,33.941858774932335,-118.13762311848521
parking,33.941107670512146,-118.13624623844541
parking,33.94097257519901,-118.13584517923698
parking,33.94082718539936,-118.13559931098708
parking,33.940731580412326,-118.13538048248282
parking,33.94017520219619,-118.1345924041663
parking,33.932423161668424,-118.13818029928338
parking,33.93271099736628,-118.13777900567189
parking,33.85947798139578,-118.39188015326631
parking,34.168659173849484,-118.32305731006596
parking,33.94664795020239,-118.11648341703095
parking,33.94686502066495,-118.11695666070133
parking,33.94668010199698,-118.11686295329324
parking,33.94625751975092,-118.11710150418982
parking,33.94603101563718,-118.11720985092872
parking,34.15196271865653,-118.34701920511415
parking,34.15183108209744,-118.34651680938255
parking,33.946536512068384,-118.12877916885733
parking,34.15284502205415,-118.34711029788748
parking,33.87220566012919,-118.370309047743
parking,33.9475208990037,-118.13375452650429
parking,33.94563865883494,-118.13036024596802
fuel,34.66706971726014,-118.14713465050816
parking,33.944107917047354,-118.13067101917886
parking,33.948139014243225,-118.1286658182865
parking,33.94935297977623,-118.12762104614497
parking,33.94911507412834,-118.12769263587712
parking,33.949061748212195,-118.12850233104949
parking,33.95271655982672,-118.13147072786207
parking,33.9531239210024,-118.13128467840974
parking,33.950008437584,-118.13402045690206
parking,33.947117703405695,-118.13512615994993
parking,33.94657578938592,-118.1357856859824
parking,33.946325742695365,-118.13584489075711
fuel,34.1077809105217,-118.03047420567435
parking,33.93068189532319,-118.41637113066362
parking,33.94645180821834,-118.14441921812812
parking,33.9472553449903,-118.14590575015569
parking,33.94785029338185,-118.14707087773864
parking,33.99858199047686,-118.41443751947514
parking,33.998252555777164,-118.41470288059071
parking,33.95585051005701,-118.13342072736843
parking,33.95660253637175,-118.1353749449033
parking,33.827807267577825,-118.3376514980039
parking,33.828243686653835,-118.33892575472318
parking,34.15331542229193,-118.2290578653867
parking,33.963501646426465,-118.12245702198757
parking,33.96298815000001,-118.12362515000001
parking,33.9626978967669,-118.12311927468646
parking,33.95508819504635,-118.1300096524694
parking,34.013915494518095,-118.13636548104367
parking,34.011935365097095,-118.13572950642859
fuel,34.21085472795994,-118.34814832542106
parking,34.416417717591166,-118.4718516645161
parking,34.41628385157371,-118.46663334067566
parking,33.94593067771904,-118.0964307915966
parking,34.1665734528251,-118.37600628565174
parking,33.94631330820073,-118.09595970428288
parking,33.94716923751811,-118.09509640606377
parking,34.10240994515748,-118.11276757374823
parking,34.10244694684328,-118.11232086393784
parking,34.10194874940384,-118.11128861167147
parking,34.10287548722921,-118.10622060631796
parking,33.861223793785726,-118.40001492778504
parking,33.79526816434447,-118.34823472112465
fuel,33.8266746673393,-118.36889761113783
parking,33.9989243948523,-118.41401811925523
parking,34.00593170469743,-118.45659221882056
parking,34.0070005005973,-118.45559469952774
fuel,33.96047426752376,-118.11000830460391
parking,33.873339492297,-118.30056799128474
parking,33.94417233081708,-118.3377610781725
parking,33.83105390006827,-118.26437294411933
parking,33.867044587149465,-118.06020727682704
parking,33.86877331978725,-118.06238824171601
parking,33.86979721558601,-118.06225276687985
parking,33.87363442384444,-118.06421575234407
parking,33.878036150475154,-118.3955096096291
parking,33.87807045640048,-118.3953788060727
parking,34.073826389230625,-118.69755041350767
parking,33.876892224852504,-118.12552930757748
parking,33.959341152436174,-118.44830983719031
parking,33.853601262840876,-118.3793983309875
parking,33.8738460455896,-118.04743245625481
parking,33.99480614575459,-118.41747289350747
fuel,34.123565299999996,-118.25807914999999
parking,33.859077776882735,-118.31029495883278
parking,33.89238583042074,-118.15077307245356
parking,33.89210866594802,-118.1437961440969
parking,33.89214583879979,-118.1430475874436
parking,33.89243541169038,-118.1429781600971
parking,33.88957180741391,-118.14346977698409
parking,33.88956620289353,-118.14619495782453
parking,33.974356462053215,-118.43023503063833
parking,33.974522517769614,-118.42985138032518
parking,33.88957174349099,-118.14555929631484
fuel,33.887683904516535,-118.36168753374112
parking,33.95696276618062,-118.39758995441869
parking,33.95636434783194,-118.39693523832482
parking,33.955556803930435,-118.39741491042834
parking,33.95560710085601,-118.396894232183
parking,33.95615590792676,-118.39778964324671
parking,33.89696700768205,-118.15767388167419
parking,33.896721936216295,-118.1594656492033
parking,33.89754446769363,-118.1579398046854
parking,33.89706318007561,-118.15968244521318
parking,33.89838422726542,-118.15977444627735
parking,33.897980486145606,-118.15970197486675
parking,33.86644204630436,-118.05884997270442
parking,33.87279679272059,-118.07141150468905
parking,33.87285170241953,-118.07220151965156
parking,33.8742560452964,-118.0717072612522
parking,33.90319061958843,-118.17686374500504
parking,33.90290607170178,-118.17632430903666
parking,33.899863968837835,-118.17521420847164
parking,33.90072607124723,-118.17525680858793
parking,33.90173211594529,-118.17575968096494
parking,33.8993034,-118.17322245
parking,33.89900545,-118.17322064999999
parking,33.89742207532093,-118.17321124809429
parking,33.86719365698419,-118.06547478747777
parking,33.89456260955087,-118.18045804481196
parking,33.88940082856079,-118.18123278726607
parking,33.88966399341693,-118.18093306302251
parking,33.886156414671106,-118.17782066167624
parking,33.87536067096501,-118.35205121200148
parking,33.87511165587163,-118.35207709118542
parking,33.87885222456583,-118.39646240871542
parking,33.8791190885196,-118.3963040867515
parking,33.89521246597774,-118.16241931112933
parking,33.895216000670516,-118.1618767884861
parking,33.89456891431474,-118.16239062318559
parking,33.8948180498178,-118.16240335196191
parking,33.89218218351101,-118.36167954189852
parking,33.89373253871432,-118.36228334348833
parking,33.885164984722685,-118.36096414795925
parking,33.88586894904971,-118.36111040063416
parking,34.031640311703995,-118.1231197092108
parking,34.13219638319796,-118.05549288604062
parking,34.28290669699482,-118.44002705531322
parking,33.99436397939335,-118.45408320828618
parking,33.99436397939335,-118.45408320828618
parking,33.8576477191693,-118.39473709723899
parking,34.003291159757225,-118.0995508808115
parking,34.00393478737992,-118.09920089776855
parking,34.004833309733876,-118.09887797476794
parking,33.87708340023853,-118.30878347727051
parking,34.22671792312296,-118.45225872347609
parking,34.21813207449731,-118.44914033650053
parking,34.20142026072021,-118.50203155124092
parking,33.864560826918925,-118.06310040829761
parking,33.86366945530147,-118.06306244845321
parking,33.87713785873466,-118.05004090890709
parking,33.874263351234625,-118.04843066238791
parking,33.76152112601939,-118.11537852232586
parking,33.7597439976142,-118.1137006264065
parking,33.75838623324195,-118.1129079269119
parking,33.868437935592866,-118.35669553249936
parking,33.83923037532725,-118.35336297802971
parking,33.87231904755033,-118.38127522655537
parking,33.93599114407366,-118.07382061976443
fuel,33.92983764968353,-118.22087345411681
parking,33.83785885868368,-118.36454125240041
parking,33.83830450380951,-118.3630243568794
parking,33.83795421632729,-118.3619739642073
parking,33.83832086849651,-118.36199383784312
parking,33.79859380866444,-118.38882739592233
parking,33.819104816321655,-118.38497604329255
parking,34.202086245963685,-118.46217069002542
fuel,34.14627578344772,-118.11274758491622
parking,33.920164523040974,-118.39669980926742
parking,33.87041497581293,-118.38217700328674
parking,33.8700137567243,-118.38227163904361
parking,33.86994029678822,-118.38287767107745
parking,33.87322100584274,-118.37942457045652
parking,33.87383473829589,-118.326033699723
parking,33.873137670011715,-118.32622854199053
parking,33.8737358,-118.32685495000001
parking,33.790242229199144,-118.32956231071358
parking,34.10420419571115,-118.33016747794038
parking,33.85910444971076,-118.04670198312944
parking,33.85908655966054,-118.04762644202526
parking,33.86013846158505,-118.04683911005677
parking,33.85945386971146,-118.04674182026642
parking,33.85905919243137,-118.0489938304884
parking,33.85903800888295,-118.0495890949683
parking,33.85900378626951,-118.05038389985951
parking,33.859569793780125,-118.04949158967673
parking,33.85942223462271,-118.04801554478814
parking,33.86029579717859,-118.0490138125332
parking,33.860715867207055,-118.04827589866542
parking,33.85950742928903,-118.05016880179534
parking,33.80642784339053,-118.32022969933945
parking,33.8058201216853,-118.31952277195633
parking,33.80526565473206,-118.32034827154251
parking,33.83183615000001,-118.3055893
parking,33.8312341670794,-118.3051373040055
parking,33.83174113588998,-118.30864341252541
parking,33.83079632708519,-118.31111255988087
parking,33.8773654332412,-118.35305942829679
parking,33.8767916,-118.35313115
parking,33.87353063896117,-118.39627818149161
parking,33.82225397143942,-118.32762059072495
parking,33.841583644519545,-118.35406864431407
parking,33.84173372329212,-118.35451714156062
parking,34.23385905321831,-118.29031655265743
parking,33.87207702366608,-118.39532764837881
parking,33.897859616744725,-118.37241219504665
parking,33.89894053137018,-118.37413901899058
parking,33.873461125139634,-118.2938567290774
parking,33.873387760022204,-118.29263872620703
parking,33.87333018269442,-118.29207582877982
parking,33.87324341202463,-118.29162208455315
parking,33.89253659999999,-118.1379033
parking,33.93069923185629,-118.36056233820554
parking,33.8002872361806,-118.38786618361927
parking,33.80014001722968,-118.38818616758138
parking,33.82701202591172,-118.38591690465093
parking,34.16839206279621,-118.29047901038895
parking,34.168187593606376,-118.2908698733104
parking,33.870599924099956,-118.39437891230044
parking,33.8407287381742,-118.35458686845321
parking,33.84030249376198,-118.35453723159625
parking,33.91670602392962,-118.3491355877197
parking,33.91676102126323,-118.34878856881802
parking,33.908139999999996,-118.35180214999998
parking,33.90816662631828,-118.35210334628708
parking,33.888140253631285,-118.03472486125916
parking,33.8676288813626,-118.35678982743681
parking,33.921245566017575,-118.38643104223351
parking,34.35017853141671,-117.8927935814062
parking,34.35012245272696,-117.89229721936532
parking,33.93328314743096,-118.34479970456074
parking,33.88700480020438,-118.38242593857113
parking,34.29519451098517,-118.17987303890959
parking,34.29621684570305,-118.17889744185533
parking,33.86240516932151,-118.3095403199187
parking,33.861708617709844,-118.3096684011502
fuel,34.025272567264416,-118.33472823523876
fuel,34.05777313922393,-118.30942970842703
fuel,34.05748820550341,-118.34624552609976
parking,34.23075013971159,-118.55142750949598
parking,34.23043014554475,-118.55292124668773
parking,34.271567338027545,-118.38946611312527
parking,34.048139684586005,-118.14005719703594
parking,34.04817609894251,-118.14024002079663
parking,34.04890166942255,-118.13986266330221
parking,34.04863328259573,-118.14001505761473
parking,34.01809696276614,-118.47255538382977
parking,34.01979332542352,-118.46937214436855
parking,34.16029199676631,-118.29982973468344
parking,33.83710923415189,-118.3528848771757
parking,33.868125825292175,-118.38321439595148
parking,33.867536389802375,-118.38304918063835
parking,33.86780606846307,-118.38284014893645
parking,33.82868355580453,-118.34642341402885
parking,34.0232499379861,-118.46203310081425
parking,34.06403326916786,-118.13487387919261
fuel,34.18493540252066,-118.62300255651436
parking,33.80093081380577,-118.35150436113058
fuel,34.145251979804485,-118.6976562710837
fuel,34.144849335361194,-118.69845260677863
fuel,34.145286076953084,-118.69847808060281
parking,33.83862493193504,-118.37839118382455
fuel,34.186985545503525,-118.4753367186144
parking,34.15512824078842,-118.18093484406374
fuel,34.16268669224965,-118.63142299087204
fuel,34.16746911556414,-118.59722631325216
fuel,34.165035015052624,-118.5269593313021
parking,33.86520077037422,-118.34335727265044
parking,33.86507180769942,-118.34315087278429
parking,33.86530523879709,-118.34417393121778
parking,33.88891283868592,-118.1385083173029
fuel,34.21765867745138,-118.44841291318458
fuel,34.21907643854037,-118.36949210116083
parking,33.81505384104316,-118.35058900110373
fuel,34.220864016358306,-118.50309913460626
fuel,34.22091836708655,-118.50237189341968
fuel,34.2210392666014,-118.47459554591799
fuel,34.221702499608675,-118.4673654825416
fuel,34.14407268407963,-118.73756536794043
fuel,34.142532034477576,-118.73965263815323
fuel,34.14250008363553,-118.74078174501513
fuel,34.1440405888354,-118.73833684438353
fuel,34.19418140138512,-118.38737518467053
fuel,34.19365768110225,-118.43091759795682
fuel,34.18624171393167,-118.3165729458175
fuel,34.20070400154112,-118.59801020351473
fuel,34.25696890524256,-118.6064466148782
fuel,34.24307222170495,-118.58815217057797
fuel,34.24244040558603,-118.53652007395803
fuel,34.19411324061568,-118.57140858546448
fuel,34.24241675189591,-118.56193572814432
fuel,34.0613736645898,-117.94569438729711
fuel,34.05505764621029,-117.93849543791791
parking,34.14039709573686,-118.70780013490722
parking,33.873034849999996,-118.36354165000002
fuel,34.27236601116311,-118.50261269670253
fuel,34.1692409193105,-118.6142155189038
parking,34.168282312314126,-118.6107040059925
fuel,34.15056311359033,-118.44839786030542
fuel,34.1425092543749,-118.40554051391871
fuel,34.14395379344979,-118.39387139095508
parking,33.87341299216712,-118.39478011704156
fuel,34.20152268907795,-118.50077214779064
fuel,34.0976083007382,-118.3445513424708
fuel,33.78559239389538,-118.2401830234478
parking,33.84975937201647,-118.38898123273528
parking,33.85905976992333,-118.07301247789806
parking,33.858888395987044,-118.07279036355283
parking,33.86350512643571,-118.3930975031942
parking,33.863326862069734,-118.39308701191081
parking,33.96126596716017,-118.41994406778039
parking,33.956913309568264,-118.44252439389464
parking,33.956705213464716,-118.44242788277707
parking,33.95715299721197,-118.44270446800564
fuel,34.168495194284255,-118.61646291973643
fuel,34.16836467013823,-118.61476391147306
fuel,34.168610017731844,-118.61403754452397
fuel,34.033226218764575,-118.74376873867526
parking,33.960079374952436,-118.42071994449134
parking,33.9600921750754,-118.42018805764575
parking,33.96236485,-118.42110930000001
parking,33.96214661060337,-118.42094925043946
parking,33.86166913105633,-118.3693038087811
parking,33.95827546632959,-118.41807676582604
parking,33.957698277702285,-118.41881855796315
parking,33.85822009689216,-118.07319900387184
fuel,34.25328367169144,-118.42577402709772
fuel,34.17225196498252,-118.55043859211528
parking,33.790101974681455,-118.32430397397754
fuel,34.14655672023573,-118.69833112608003
fuel,34.16939734998369,-118.60621694383833
fuel,34.16813753099828,-118.60543357883174
parking,33.804740943989614,-118.34848753686475
fuel,34.23409476372216,-118.37138783082041
fuel,34.184466141202186,-118.34946299596126
parking,33.885762412912435,-118.39635387503108
parking,33.822326237715735,-118.33515680951199
parking,33.79864578408244,-118.35062508859711
fuel,34.15204045499624,-118.36988659187338
parking,34.14102635091481,-118.74179477270874
fuel,34.16679156568249,-118.5886484006547
fuel,34.15415135488722,-118.65321306708877
parking,33.99771071986343,-118.4608831695775
parking,33.99923689999999,-118.4649784
parking,33.99948300691047,-118.46464037324834
parking,33.99991527672946,-118.46555718499799
parking,34.000817876635956,-118.46441558168209
parking,34.00315724436237,-118.47070378015262
parking,33.85840169925096,-118.39160024874097
fuel,34.17118781489767,-118.56950817482316
fuel,34.17224284037784,-118.56255575446355
fuel,34.152495343593976,-118.65242199106103
parking,34.03179552908356,-118.39999754424989
parking,34.029467725286004,-118.37438272007604
parking,34.0288194,-118.37438129999998
fuel,34.16640201845208,-118.60547085753463
parking,33.78910849173622,-118.30848705526316
parking,33.78909271082572,-118.30814057991938
parking,33.994153913744114,-118.45174120270786
parking,33.994153913744114,-118.45174120270786
parking,33.87206502759213,-118.30776534802429
parking,34.00356078428195,-118.4722709078559
parking,34.003772854098926,-118.47163275395181
parking,33.789900692352866,-118.31383023442508
parking,33.7897122161677,-118.30724253902349
parking,33.789703826507726,-118.30915248385928
parking,33.78982676336611,-118.30809340422434
parking,33.78993178902345,-118.30787992547441
parking,33.78969694056593,-118.30789473086914
parking,33.86672763371792,-118.30890281530259
parking,34.00421405110681,-118.47304001284901
parking,33.90922399164957,-118.00358073175089
parking,33.98171831407027,-118.4089862716757
parking,34.015627431493215,-118.45506762543005
parking,34.01888999370335,-118.45625278589512
parking,34.019168515007586,-118.45600356123926
parking,34.11886710398683,-118.2713499847218
fuel,34.18639605538718,-118.38724223727911
fuel,34.197842209404975,-118.39617202523478
fuel,34.19365472956277,-118.39686431433842
fuel,34.15280346167969,-118.65108881853124
parking,33.89860352689597,-118.41693432029562
parking,33.902224719338825,-118.36683884931927
parking,34.18140580135616,-118.3214096668906
parking,33.85836294788821,-118.06293036433634
parking,33.82341462566379,-118.38511858296324
parking,33.82176108154814,-118.38496326621748
fuel,33.865911181082026,-118.30882578373058
parking,33.81939850553819,-118.38782049209041
fuel,34.19363900571362,-118.44047613382291
fuel,33.87319189599563,-118.32688100767645
parking,33.820769959959364,-118.38572211729728
parking,33.82445182558686,-118.38523898907523
parking,33.82406251739404,-118.38569597684356
parking,33.82448216138383,-118.38584250269228
parking,34.1807773877055,-118.45199246461905
parking,34.18078542364627,-118.4500591241738
fuel,33.865879446867346,-118.34341776093905
fuel,33.876910088011876,-118.34424840058436
fuel,33.877393831617226,-118.34441530166625
fuel,34.01197998647702,-118.45445161434151
parking,34.01692800762637,-118.44750912670825
parking,34.01783426212567,-118.44702562206903
parking,33.85849583196731,-118.37017600760569
parking,33.873677790822164,-118.29946897930256
parking,33.845285351568826,-118.3558115204684
parking,33.82403120533396,-118.38458083757254
parking,33.82596771016191,-118.38592447719
parking,33.83676654638547,-118.3293346596156
parking,33.86115100661657,-118.39150172368525
parking,34.37835402948209,-118.46739647186854
parking,33.88783462633328,-118.35329651411384
parking,33.89410182855582,-118.3611027434465
parking,33.894849410744904,-118.36164733429433
parking,33.88710967880123,-118.3579005292691
parking,33.87339375718382,-118.08051238142689
parking,34.037817973099685,-118.68611157771987
parking,33.806997328958296,-118.35181473545745
parking,33.80714790456975,-118.3517015824173
parking,33.778045602381155,-118.33753030102835
parking,33.7768533746176,-118.34395060653691
parking,33.762313336585144,-118.13857731126522
parking,34.157558723684346,-118.49581453367803
parking,34.156654670089154,-118.49133129778852
parking,34.15794168065826,-118.49056240279207
parking,33.87217406969189,-118.37349485286268
parking,34.02091012084681,-118.79582785243973
parking,34.0213687311886,-118.79585310391647
fuel,33.90143558445223,-118.3966436828478
parking,34.02435825841957,-118.78865533846073
parking,34.04581083587617,-118.68264477879525
parking,34.045921628349284,-118.68215944507791
parking,34.38970861713336,-118.53563512725336
parking,34.03550137013803,-118.43954303387285
parking,33.83585848038296,-118.35646189702682
parking,33.80728250739216,-118.32775935153086
parking,33.80803383204868,-118.32729410345331
parking,33.82399898695105,-118.33031909355745
parking,34.41897682413453,-118.54324369322542
parking,34.0185510562756,-118.19192046311575
parking,34.10223854213862,-118.30971879299194
fuel,34.146573149709155,-118.80592927727366
parking,34.171390589342266,-118.54168621728134
parking,34.44593055282825,-118.46569644589421
parking,33.86622615040784,-118.32615479638072
parking,33.866563119576504,-118.32625507881528
parking,34.15741861840502,-118.49475311288218
parking,34.159052323739814,-118.49919559338724
parking,34.15977058173478,-118.50067338159661
parking,34.16038328852597,-118.50010978351528
parking,34.15947776607891,-118.50017026542776
fuel,34.10377823364002,-118.33910266466444
parking,34.028895683235824,-118.39287451911834
parking,33.966928624237624,-118.19315203348656
parking,33.774849006882796,-118.41740766342166
parking,33.774719471091394,-118.41787011936651
parking,34.41315626260895,-118.50452311419676
parking,34.41335764860457,-118.50313931106996
fuel,34.03450324585848,-118.27149791201987
parking,33.962773734447104,-118.18825855491983
parking,33.961683351852024,-118.18789892277648
parking,33.9623195754401,-118.18686156258481
parking,33.96117776553536,-118.18611407050518
parking,33.96470896871062,-118.19449718286704
fuel,33.84830825633219,-118.36194669506253
parking,34.40391510573543,-118.56752297104042
parking,34.40565174269057,-118.57058599155016
parking,34.40333401832393,-118.57132295785551
parking,34.402843910531125,-118.57136187079207
parking,34.40227761406313,-118.57150671017183
fuel,33.91674151340651,-118.32686380404502
parking,33.76243248391578,-118.1386647964953
parking,33.85001008514566,-118.30416321693487
parking,33.85079531570523,-118.30451791505538
parking,34.016126098069755,-118.40708211181311
parking,33.830735633500616,-118.09077341160766
parking,33.98995913503803,-118.39614858939932
parking,33.989758095471615,-118.39672186706935
parking,33.98923031352275,-118.39750739901255
parking,33.99050729825131,-118.39580969771495
fuel,33.91001491440707,-118.14233032845144
fuel,33.99983192194968,-117.931574365526
fuel,34.11280804544899,-117.98987509711866
fuel,33.988861099973086,-118.35903343556397
fuel,33.98816407997812,-118.35892051095982
fuel,33.84692838616812,-118.34471642860542
parking,34.01155490042101,-118.40063504531646
fuel,34.090417781268684,-118.33903551385094
parking,33.82918717620617,-118.31929531122499
parking,34.01649342284254,-118.40538987852118
parking,34.19428154541806,-118.44773249607088
fuel,34.14213842803261,-118.1133886955113
fuel,33.81611546367039,-118.35068859047868
parking,33.81605459417205,-118.3505244430783
parking,33.93248153159424,-118.37158429470563
fuel,34.04414636836511,-117.99029141542287
